index,0
Betty Friedan,1921-02-04
Plato,none
Fyodor Dostoyevsky,1821-11-11
Simon Holt,none
Sylvia Nasar,1947-08-17
Tahereh Mafi,1988-11-09
Jennifer Niven ,none
Jean Giono,1895-03-30
Ernest Hemingway,1899-07-21
Adolf Hitler,1889-04-20
Sally Rooney ,1991-02-20
Vladimir Nabokov,none
Jack London,1876-01-12
Bret Easton Ellis,1964-03-07
Kristen Ashley ,1968-04-08
Astrid Lindgren,1907-11-14
Stephen King ,1947-09-21
James Ellroy,1948-03-04
Derek Landy,1974-10-23
Don Winslow ,1953-10-31
Jay Anson,none
Robyn Schneider ,none
Jean-Paul Sartre,1905-06-21
Lemony Snicket ,none
Oswald Chambers,1874-07-24
Italo Calvino,1923-10-15
Irvine Welsh,1958-09-27
Kingsley Amis,1922-04-16
Neal Shusterman ,1962-11-12
Erin Hunter,none
Richelle Mead ,1976-11-12
Mikhail Sholokhov,1905-05-24
Rick Riordan ,1964-06-05
Keigo Higashino,1958-02-04
Barbara Taylor Bradford ,1933-05-10
Kate Atkinson,none
Karen Chance ,none
Jaroslav Hašek,1883-04-30
Christopher Marlowe,none
Joanne Harris ,1964-07-03
Jodi Picoult ,none
Jennifer L. Armentrout ,1980-06-11
Erika Johansen ,none
Gene Wolfe,1931-05-07
Dean Koontz ,1945-07-09
Ernest J. Gaines,1933-01-15
David Levithan ,1972-09-07
Mitch Albom ,1958-05-23
Marissa Meyer ,1984-02-19
Hector Malot,1830-05-20
Rachel Caine ,1962-04-27
Donna Tartt,1963-12-23
Anna Godbersen,1980-04-10
Nalini Singh ,1945-09-01
William Gibson,1948-03-17
Steven Erikson ,1959-10-07
Cormac McCarthy,1933-07-20
Richard Paul Evans,1962-10-11
Michael J. Sullivan ,none
Sabaa Tahir ,none
Raine Miller ,none
Benjamin Graham,1894-05-09
Sophie Kinsella ,1970-12-12
Philip K. Dick,1928-12-16
Thomas Pynchon,1937-05-08
Randall Munroe ,1984-10-17
Iain M. Banks,none
Maria V. Snyder ,1973-04-15
Jennings Michael Burch,1941-04-27
Pat Conroy,1945-10-26
Sei Shōnagon,none
Abbi Glines ,1977-04-16
Immaculée Ilibagiza,none
Immanuel Kant,1724-04-22
Kiera Cass ,1981-05-19
Sophie Jordan ,none
Stephanie Garber ,none
Paul Auster,1947-02-03
Betty Mahmoody,1945-06-09
Anne Bishop,none
Lisa Kleypas ,1964-11-05
Ridley Pearson,1953-03-13
Dan Millman,1946-02-22
Roger Zelazny,1937-05-13
Liu Cixin ,1963-06-23
Carlos Ruiz Zafón,1964-09-25
Joseph Conrad,1857-12-03
Lauren Willig ,none
Chris Titus ,1964-10-01
G.K. Chesterton,1874-05-29
Don Phelan ,none
Darren Shan ,1972-07-02
Nikolas Schreck ,none
Lord Byron,1788-01-22
Ben Aaronovitch ,1964-02-22
Jessica Sorensen ,none
Sherrilyn Kenyon ,1965-12-11
Brett Axel ,none
Jay Kristoff ,none
William S. Burroughs,1914-02-05
Cinda Williams Chima ,none
Shannon Hale ,1974-01-26
James Rollins ,1961-08-20
Edgar Allan Poe,1809-01-19
Philip Roth,1933-03-19
Anton Chekhov,1860-01-29
John Grisham ,1955-02-08
Ben Sherwood,1964-02-12
Anthony Bourdain,1956-06-25
Paulo Coelho ,1947-08-24
Lloyd Alexander,1924-01-30
Margaret Atwood ,1939-11-18
Mihaly Csikszentmihalyi,1934-09-29
Nelson DeMille ,1943-08-23
Angelo Tsanatelis ,none
Rainer Maria Rilke,1875-12-04
Douglas Preston ,1956-05-20
Diana Wynne Jones,1934-08-16
Shannon Messenger ,none
Tite Kubo,1977-06-26
Blake Crouch ,1978-10-15
Téa Obreht ,1985-09-30
Heather Gudenkauf ,none
Daphne du Maurier,1907-05-13
Gena Showalter ,none
Kimberly Brubaker Bradley ,none
Ann Patchett,1963-12-02
Bob Atkinson ,none
Anthony Horowitz ,1955-04-05
Laura Ingalls Wilder,1867-02-07
Richard Bachman ,none
Mary Norton,none
Jeanne DuPrau,1944-06-09
Jim Butcher ,1971-10-26
Matthew Quick ,1973-10-23
Kathy Acker,1947-04-18
Franz Kafka,1883-07-03
John Connolly ,none
John Corey Whaley,1984-01-19
Brian Jacques,1939-06-15
James E. Talmage,1911-12-08
Lili St. Crow,none
L.A. Weatherly ,none
Josephine Angelini ,none
James A. Michener,1907-02-03
John Flanagan,none
Holly Black ,1971-11-10
Veronica Roth ,1988-08-19
Yukio Mishima,1925-01-14
Scott Westerfeld ,1963-05-06
Jeff Kinney ,1971-02-19
Raymond E. Feist,1945-12-21
Martin Amis,1949-08-25
Loung Ung,1970-11-19
Janet E. Morris ,1946-05-25
Lois Lowry ,1937-03-20
Kelley Armstrong ,1968-12-14
Kaye Gibbons,1960-05-05
W. Somerset Maugham,1874-01-25
Paolo Bacigalupi ,1972-08-06
Katy Evans ,1976-03-03
Mary Roach ,1959-03-20
Young Kim ,1962-10-18
Alfred Bester,1913-12-18
Elizabeth Gilbert ,1969-07-18
Fredrik Backman ,1981-06-02
Chuck Klosterman,none
Emily M. Danforth ,1980-01-17
Tayeb Salih,none
Richard Dawkins ,1941-03-26
Ally Carter ,1974-01-01
Victoria Forester,none
O.E. Rølvaag,none
Sharon Kay Penman ,none
Lauren Oliver ,1982-11-08
Honoré de Balzac,1799-05-20
Tsugumi Ohba,none
Charles Bukowski,1920-08-16
Pseudonymous Bosch ,1967-10-25
Chloe Neill ,1975-05-17
Nathaniel Hawthorne,1804-07-04
Robert B. Cialdini ,1945-04-27
Jamie McGuire ,1983-11-13
Ira Levin,1929-08-27
Patrick deWitt,none
John Steinbeck,none
Sapphire,none
Tui T. Sutherland,1978-07-31
Karel Čapek,1890-01-09
Charlie Higson,1958-07-03
Luo Guanzhong,none
Justin Halpern,1980-09-03
Edward Eager,none
Edward Rutherfurd ,none
Anonymous,none
Anaïs Nin,1903-02-21
Tanya Thompson,none
Betty MacDonald,1907-03-26
Julie James ,1958-02-25
Judith McNaught,1944-05-10
William Shakespeare,2008-04-11
Teresa Driscoll ,none
John Barth,1930-05-27
Amy Plum ,none
William Blake,1757-11-28
Lori Gottlieb ,none
Thomas Berger,none
Jeannette Walls,1960-04-21
Charlotte Perkins Gilman,1860-07-03
Orson Scott Card,1951-08-24
Oscar Wilde,1854-10-16
Dave Ramsey,1960-09-03
Sarah Ockler ,none
John Irving ,1942-03-02
Leslie Feinberg,1949-09-01
Amy A. Bartol ,none
Mary Ting ,none
Junot Díaz,1968-12-31
Robert Jordan,1948-10-17
Alyson Noel ,1965-12-03
Jonathan Stroud ,1970-10-27
Megan McCafferty ,none
Zoe Sugg,1990-03-28
Sidney Sheldon,1917-02-11
Rae Carson,none
Darynda Jones ,none
Kirsten Fullmer ,none
Lisa Gray ,none
Gerald N. Lund ,2002-04-06
Guy Gavriel Kay ,1954-11-07
Tim Powers,1952-02-29
Dorothy Dunnett,1923-08-25
Max Brooks ,1972-05-22
Brandon Mull ,1974-11-08
Bohumil Hrabal,1914-03-28
Jackson Pearce ,none
Jean Kwok ,none
J.R. Ward ,none
Larissa Ione ,none
Agatha Christie,1890-09-15
P.C. Cast ,1960-04-30
David Eddings,1931-07-07
Edward Abbey,1927-01-29
Anne Rice,1941-10-04
Mary Doria Russell ,1950-08-19
Laurell K. Hamilton ,1963-02-19
Melina Marchetta ,1965-03-25
L.J. Smith ,1980-05-13
Douglas Coupland ,1961-12-30
Elizabeth Moon,1945-03-07
Vincent van Gogh,1853-03-30
Wendy Mass ,1967-04-22
Nick Harkaway ,none
Cate Tiernan,1961-07-24
I.M. Nobody,none
Roald Dahl,1916-09-13
Christine Feehan ,none
Robert Galbraith,none
Li Cunxin,1961-01-26
Adolfo Bioy Casares,1914-09-15
Anita Shreve,none
Sue Grafton,1940-04-24
Jerome Lawrence,1915-07-14
Julie Garwood ,none
Frank E. Peretti,1951-01-13
Scarlett Thomas ,1972-07-05
Marlo Lanz ,none
Catherynne M. Valente ,1979-05-05
Seanan McGuire ,1978-01-05
Malinda Lo ,none
Marisa de los Santos ,none
Lisa McMann ,none
Alison Weir,none
D.B.C. Pierre,none
Jojo Moyes ,1969-08-04
Bill Watterson,1958-07-05
John Shors ,none
J. Sheridan Le Fanu,1814-08-28
Tessa Dawn ,none
Trudi Canavan,none
Bernard Cornwell ,1944-02-23
Lynsay Sands ,none
Nikolai Gogol,1809-03-20
Perie Wolford ,none
David Mitchell,none
Rick Chiantaretto ,none
Bill Courtney ,none
Melissa Landers ,1973-06-13
Amy Tan ,1952-02-19
Cynthia Hand ,none
Chris Kyle,1974-04-08
Alwyn Hamilton ,none
NaRae Lee ,none
Barbara Kingsolver,1955-04-08
Adrienne Woods ,none
James Patterson ,1947-03-22
Julie Anne Peters,1952-01-16
Dashiell Hammett,1894-05-27
Yuval Noah Harari,1976-02-24
Michael Marshall Smith ,1965-05-03
Svetlana Alexievich,1948-05-31
Lee Child ,1954-10-29
Jessica Day George ,1976-10-11
Victoria Selman,none
Patricia McCormick,none
Kiersten White ,none
Sarah Rees Brennan ,none
James Baldwin,1924-08-02
Adam Silvera ,1990-06-07
William Diehl,none
Arwen Elys Dayton ,none
Vikas Swarup,1961-06-22
Leslie Marmon Silko,1948-03-05
Luigi Pirandello,1867-06-28
Michael Pollan ,1955-02-06
B. Kristin McMichael ,none
Brian Selznick,1966-07-14
Cynthia Voigt ,1942-02-25
Caragh M. O'Brien ,none
Terry Pratchett,1948-04-28
Cornelia Funke ,1958-12-10
Katie Kacvinsky ,none
Gleb Tsipursky ,none
Barbara Demick ,none
C.C. Hunter ,none
Michael Morpurgo,1943-10-03
James Bowen,none
Heinrich Harrer,1912-07-06
Monica Drake ,none
Lisa Schroeder ,none
Kelli Sullivan ,none
Christina Lauren ,none
Becky Chambers,1985-05-03
H.P. Lovecraft,1890-08-20
Gabriel García Márquez,1927-03-06
Meg Cabot ,1967-02-01
Michelle Moran ,1980-08-11
Rob Buyea,1983-11-06
Jessica Warman,none
Marian Keyes,1963-09-10
J.D. Robb ,1950-10-10
J.K. Accinni,none
Hunter S. Thompson,1937-07-18
Tobias Wolff,1945-06-19
Eoin Colfer,1965-05-14
John Twelve Hawks,none
Niccolò Ammaniti,none
Anne Carson,1950-06-21
Jude Watson ,none
Frank Herbert,1920-10-08
Bernard Malamud,1914-04-26
Pittacus Lore,none
Kate Mosse,1961-10-20
Isobelle Carmody ,1958-06-16
Bette Greene ,1934-06-28
Rachel Ward ,1957-09-12
Dan Howell,1991-06-11
Shūsaku Endō,1923-03-27
Paul Zindel,1936-05-15
Jacqueline Carey ,1964-10-09
Jack Ketchum,1946-11-10
Ann Brashares,none
Connie Willis,1945-12-31
J.R.R. Tolkien,1892-01-03
Jhumpa Lahiri,1967-07-11
Henry James,1843-04-15
Salman Rushdie,1947-06-19
Garth Nix ,1963-07-19
Bill Bryson,1951-12-08
Augusten Burroughs ,1965-10-23
Brené Brown ,1965-11-18
Luis Sepúlveda,1949-10-04
Bryan Stevenson,1959-11-14
Catherine Anderson ,1948-12-22
Nancy Garden,1938-05-15
Thea Harrison ,none
R.A. Salvatore,1959-01-20
Lara Adrian ,none
Vicki Myron,none
Colin Meloy,1974-10-05
Friedrich Nietzsche,1844-10-15
Maeve Binchy,1939-05-28
Wendell Berry,1934-08-05
A.S. King ,1970-03-10
Jan-Philipp Sendker ,none
Chris Colfer,1990-05-27
Kim Holden ,none
Denis Johnson,1949-07-01
Tim O'Brien,none
David Foster Wallace,1962-02-21
Kim Harrison ,none
Michel Houellebecq,1956-02-26
Sarah Addison Allen ,none
Nassim Nicholas Taleb ,1960-09-12
Ferenc Molnár,1878-01-12
Rachel Hawkins ,1992-01-31
Anne Fortier ,none
Sinclair Lewis,1885-02-07
Kevin Kwan ,none
Joe Abercrombie,1974-12-31
H. Rider Haggard,1856-06-22
Eva Ibbotson,1925-01-21
Sister Souljah,none
C.S. Lewis,1898-11-29
Bryan Lee O'Malley ,1979-02-21
Clare Mackintosh ,none
George Eliot,1819-11-22
J.G. Ballard,1930-11-15
Robert Louis Stevenson,1850-11-13
Tad Williams ,1957-03-14
Mark Lawrence ,none
Joseph Murphy,none
Nora Sakavic ,none
Nisargadatta Maharaj,1897-04-17
Victor Hugo,1802-02-26
Naomi Alderman ,none
Tony Robbins,1960-02-29
Demi Lovato,1992-08-20
Kiran Desai,1971-09-03
Liane Moriarty ,1966-11-15
Shilpi Somaya Gowda ,none
Edward Albee,1928-03-12
Lauren Kate ,1981-03-21
Tillie Cole ,none
Victoria Aveyard ,1990-07-27
Megan Abbott ,1971-08-21
Elizabeth Eulberg ,none
Janne Teller,1964-04-08
Janet Evanovich ,1943-04-22
Mario Puzo,1920-10-15
Ford Madox Ford,1873-12-17
Suzanne Collins,1962-08-10
Karin Slaughter ,1971-01-06
Rachel Renée Russell ,1959-04-13
Quinn Loftis ,none
Melissa Albert ,none
Craig Silvey ,1982-01-01
Linda Masemore Pirrung,none
Jonathan Coe ,1961-08-19
Brodi Ashton ,none
Peter V. Brett ,1973-02-08
Jennifer A. Nielsen ,1971-07-10
Jessica Shirvington ,none
Dot Hutchison,none
Sara Shepard ,1977-04-08
Wayne Thomas Batson ,none
J.A. Redmerski ,none
Nick Hornby,1957-04-17
Antoine de Saint-Exupéry,1900-06-29
CLAMP,none
Deborah Howe,1946-08-12
Carlos Castañeda,none
Taran Matharu ,none
David Baldacci ,1960-08-05
Katie Davis,none
Lyn I. Kelly,none
Ian McEwan,1948-06-21
Andrea Levy,1956-03-07
Lew Wallace,1827-04-10
Ted Dekker ,1962-10-24
Amie Kaufman ,none
Marie Rutkoski ,1977-03-05
Laurie Faria Stolarz ,none
E.L. Konigsburg,1930-02-10
Natsume Sōseki,1867-02-09
Elif Shafak ,1971-10-25
Becky Albertalli ,1982-11-17
Nina LaCour ,none
Philip José Farmer,1918-01-26
Lynda Mullaly Hunt ,none
Amy Poehler,1971-09-16
Lisi Harrison ,1970-07-29
Laurann Dohner,none
Betty Edwards,none
Julia Quinn ,none
Unknown,none
Marie Lu ,1984-07-11
Erlend Loe,1969-05-24
Khushwant Singh,1915-02-02
Amor Towles ,none
Suzanne Wright ,none
Luke Rhinehart,1932-11-15
Yana Toboso,1984-01-24
Lisa Williamson ,none
Neil deGrasse Tyson ,1958-10-05
Stephen Tesher ,none
Kendare Blake ,none
Neil Gaiman ,1960-11-10
C.L. Wilson ,none
Timothy Ferriss ,1977-07-20
Jennifer Donnelly ,1963-08-16
Elizabeth Goudge,1900-04-24
Guy Sajer,1927-01-13
Cecelia Ahern,1981-09-30
Margaret Weis ,1948-03-16
Adeline Yen Mah,1937-11-30
Isabel Allende ,1942-08-02
Meg Rosoff ,1956-10-16
Charlaine Harris ,1951-11-25
Nely Cab ,none
Alexander Gordon Smith ,1979-02-27
Non Nomen ,none
Richard Belzer,1944-08-04
Sandy Klein Bernstein ,none
Taylor Ann Bunker ,none
Michael Lewis,1960-10-15
Nikki Moyes ,none
Charles Dickens,1812-02-07
Aristophanes,none
Graham Greene,1904-10-02
Sharon Creech,1945-07-29
Jasmine Warga ,none
Paul Harbridge ,none
Lisa Jewell ,1968-07-19
Eric S. Nylund ,1964-11-12
Seneca,none
Philip Reeve ,none
Simon Beckett,1960-04-20
Kasie West ,none
Dan Simmons,1948-04-04
Louis Sachar ,1954-03-20
Colleen Hoover ,1979-12-11
Pawan Mishra ,none
Thomas Mann,1875-06-06
Haruki Murakami,1949-01-12
Jeremy Forsyth ,none
Zoltan Andrejkovics ,none
James Jones,none
Amelia Hutchins ,none
George MacDonald Fraser,none
Eiichiro Oda,1975-01-01
Tony DiTerlizzi ,1969-09-06
Holly Goldberg Sloan ,none
Truddi Chase,none
Aprilynne Pike,none
Richard Powers,1957-06-18
Nathaniel Philbrick ,1956-06-11
Abigail Gibbs ,none
Mimi Jean Pamfiloff ,none
Gillian Flynn ,1971-02-24
John Steakley,1951-07-26
Kylie Scott ,none
Jeaniene Frost ,1974-06-13
Raymond Carver,1938-05-25
Lorenzo Carcaterra,1954-10-16
Ludwig Wittgenstein,1889-04-26
Francine Rivers ,none
Gene Luen Yang ,1973-08-09
Rachel Joyce,none
Barack Obama,1961-08-04
Susan Elizabeth Phillips ,1944-12-11
Kathi Appelt ,none
Patricia H. Graham ,none
Gene Stratton-Porter,1863-08-17
Sam B. Miller II ,none
David James Duncan,none
Anthony Hope,1863-02-09
Donald Ray Pollock,1954-12-23
James Clavell,1921-10-10
John Maher,none
Nora Roberts ,1950-10-10
Elizabeth Chandler,1807-12-24
Daniel Handler ,1970-02-28
E. Nesbit,1858-08-15
Terry Brooks ,1944-01-08
Christina Schwarz ,none
Molly Harper ,none
Lev Grossman ,1969-06-26
Jennifer Estep ,none
Craig Clevenger ,none
Mary Burton ,none
Timothy Zahn ,1951-09-01
Heather Vogel Frederick,none
Ilsa J. Bick ,none
Samuel R. Delany,1942-04-01
Miranda Kenneally ,none
Arthur Conan Doyle,1859-05-22
Hermann Hesse,1877-07-02
Philip Gourevitch,none
Cat Patrick ,none
Lauren DeStefano ,1984-10-13
James O'Barr,1960-01-01
Hans Rosling,1948-07-27
John Verdon,1942-01-01
Siri Hustvedt,1955-02-19
Malika Oufkir,1953-04-02
Janette Sebring Lowrey,1892-03-02
Brian McKinley,none
Kass Morgan ,1984-07-21
Karen Joy Fowler,none
Poppy Z. Brite ,1967-05-25
Robert Graves,1895-07-24
Elena Ferrante,none
Jeffrey Eugenides,1960-03-08
Rolf Margenau ,none
Robert A. Caro,1935-10-30
Patrick Ness,1971-10-17
Michael West ,none
Celia Rees ,1949-06-17
David Allen,none
Karen Armstrong,1944-11-14
Tove Jansson,1914-08-09
Väinö Linna,1920-12-20
Sharon Shinn,none
Danielle Steel,1947-08-14
Scott Turow ,1949-04-12
Ágota Kristóf,none
Barry Eisler ,none
Georgia Cates ,none
Ted Chiang,none
Mark Twain,1835-11-30
David Gemmell,1948-08-01
Carson McCullers,1917-02-19
Brandon Sanderson ,1975-12-19
Rachel Vincent ,none
Kim Stanley Robinson,1952-03-23
Anne McCaffrey,1926-04-01
Jeyn Roberts ,none
Ruth Ware ,none
E. Lockhart ,none
Sándor Márai,1900-04-11
Judy Blume ,1938-02-12
Cassandra Clare ,1973-07-27
Katherine Howe ,none
George MacDonald,1824-12-10
Kazuo Ishiguro,1954-11-08
Tracy Kidder,1945-11-12
Karl Wiggins ,none
Christopher Moore ,none
Marie Kondō ,1984-10-09
Rick Yancey,1962-11-04
Erich Maria Remarque,1898-06-22
Mercedes Lackey,1950-06-24
Sue Townsend,1946-04-02
Tom Clancy,1947-04-12
Ellen Hopkins ,1955-03-26
Wilbur Smith,1933-01-09
Clare Vanderpool,none
Miyamoto Musashi,none
François Rabelais,none
Jonathan Safran Foer ,1977-02-21
Amelia Atwater-Rhodes ,1984-04-16
Marcel Proust,1871-07-10
Sarah Weeks,1955-03-18
Madeleine Urban,none
Bess Streeter Aldrich,1881-02-17
Carl Hiaasen ,1953-03-12
Daniel Suarez ,1992-01-07
Miranda July ,1974-02-15
Cressida Cowell,1966-04-15
Trevanian,none
Baruch Spinoza,1632-11-24
James M. Cain,1892-07-01
Johan Harstad,1979-02-10
C. Rajagopalachari ,1878-12-10
Tess Gerritsen ,1953-06-12
Tiffanie DeBartolo ,1970-11-27
Genevieve Cogman ,none
D.M. Thomas,1935-01-27
Benjamin Hoff,none
Robert Goolrick,1948-08-04
Isaac Asimov,none
Peter F. Hamilton ,none
Bryce Courtenay,1933-08-14
Lisa See ,1955-02-18
Paul Hoffman,none
Milorad Pavić,1929-10-15
Marilyn Manson,1969-01-05
Kelly Keaton ,none
A.S.A. Harrison,none
Amanda Hocking ,1984-07-12
Neal Stephenson ,1959-10-31
Juliet Marillier ,1948-07-27
Francis Chan,1967-08-31
Henry Roth,1906-02-08
Alain-Fournier,1886-10-03
Gail Carriger ,1976-05-04
Jeffrey Archer,1940-04-15
Arkady Strugatsky,1925-08-28
Leigh Bardugo ,1975-04-06
Ezra Jack Keats,1916-03-11
Daniel O'Malley,none
Terry Goodkind,1948-01-11
Tara Hudson ,none
C.J. Roberts ,"March 20, 1989"
Sara Wolf ,none
Ellen Schreiber,none
Oriana Fallaci,1929-06-29
Elias Canetti,1905-07-25
Thomas Merton,1915-01-31
K. Bromberg ,none
Aldous Huxley,1894-07-26
Kate Quinn ,none
Matsuri Hino,none
Ken Follett ,1949-06-05
Dave Eggers,1970-03-12
Carrie Jones ,none
G.A. Aiken,none
Lois McMaster Bujold ,1949-11-02
Carolyn Keene,none
Travis Luedke ,none
Ursula K. Le Guin,1929-10-21
Charlotte Brontë,1816-04-21
Firoozeh Dumas,1965-06-26
Michael Scott ,none
Samantha Young ,none
Hans Fallada,1893-07-21
Richard P. Feynman,1918-05-11
Paulo Freire,1921-09-19
Samantha Shannon ,1991-11-08
Dave Pelzer ,1960-12-29
Eoin Dempsey ,none
Truman Capote,1924-09-30
George R.R. Martin,1948-09-20
Cynthia Kadohata,1956-07-02
A.A. Milne,1882-01-18
Jenny Han ,none
Vera Jane Cook ,none
Louis de Bernières,1954-12-08
Vivian Vande Velde,none
Vera Brittain,1893-12-29
J.M. Coetzee,1940-02-09
Pat Barker,1943-05-08
Brother Lawrence,none
Katie Alender ,none
Nathanael West,1903-10-17
Ian Fleming,1908-05-28
Kenneth Branagh ,1960-12-10
Joshua Harris,none
Thanhha Lai ,none
John Sandford,none
Darrius Garrett ,1990-04-11
Melissa Petreshock ,none
Jenny Downham,none
Teri Terry ,none
Jen Knox ,none
Erin Lockwood ,none
Louis-Ferdinand Céline,1894-05-27
John Berger,1926-11-05
Al Stone ,none
José Saramago,1922-11-16
Rudyard Kipling,1865-12-30
Dr. Seuss,1904-03-02
Stephenie Meyer,1973-12-24
Andrew Clements,1949-05-29
Karen Ann Hopkins ,none
P.I. Alltraine ,none
Diane Ackerman ,1948-10-07
Chetan Bhagat,1974-04-22
Adam Gidwitz ,1982-02-14
Arthur Schnitzler,1862-05-15
Max Barry ,1973-03-18
Kurt Vonnegut Jr.,1922-11-11
Margaret Peterson Haddix,1964-04-09
Kresley Cole ,none
Elizabeth Scott ,none
Joe Connolly,none
Cristiane Serruya,none
Mary Ramsey ,1963-12-24
Chanda Hahn ,none
Chelsea Luna ,none
Rucy Ban ,none
Jennifer Loren ,none
Michael Herr,1940-04-13
Pramoedya Ananta Toer,1925-02-06
Will Durant,1885-11-05
Laura Wiess,none
Ki Longfellow ,1944-12-09
Angela Carter,1940-05-07
Anne Michaels,1958-04-15
Deepak Chopra ,1946-10-22
Jordan Sonnenblick,1969-07-04
C.D. Payne,1949-07-05
Bill Konigsberg ,1970-11-11
Douglas Adams,1952-03-11
Terry Pratchett ,1948-04-28
Alison Croggon ,1962
Brent LeVasseur ,none
Stephen Hawking,1942-01-08
O.L. Ramos ,none
Stephen Fry,1957-08-24
Patricia Briggs,none
Richard Matheson,1926-02-20
Jennifer Echols ,none
Arthur Rimbaud,1854-10-20
Linda Sue Park,1960-03-25
Colson Whitehead ,1969-11-06
Torey L. Hayden,none
John Banville,1945-12-08
T.S. Eliot,1888-09-26
Solomon Northup,none
Orhan Pamuk,1952-06-07
Karen Marie Moning ,none
Gavin de Becker,1954-10-26
Meša Selimović,1910-04-26
Christine Zolendz ,none
Helen Dunmore,1952-12-12
Frank Schätzing,1957-05-28
Erin Morgenstern ,1978-07-08
Ann M. Martin,1955-08-12
Charles C. Mann,none
Kristen Simmons ,none
Kirsten Miller ,none
Michelle Leighton ,none
Frederik Pohl,1919-11-26
Kathy Reichs ,none
Louise Penny ,none
Helen Hooven Santmyer,1895-11-25
E.H. Gombrich,1909-03-30
Pascal Mercier,1944-06-23
Jez Jones,none
David Grann,1967-03-10
Cara Lynn Shultz ,none
James Faro ,none
Primo Levi,1919-07-31
Matt Haig ,1975-07-03
Anne Brontë,1820-01-17
Hiro Arikawa,none
Ralph Moody,1917-09-10
Alastair Reynolds,1966-03-13
Gabrielle Zevin ,1977-10-24
Victoria Hanley,none
Debra Anastasia ,none
Iris Murdoch,1919-07-15
Julianna Baggott ,none
Mario Vargas Llosa,1936-03-28
R. Scott Bakker,1967-02-02
Fábio Moon,none
Rosamund Lupton ,none
Katsuhiro Otomo,1954-04-14
Patrick Carman ,1966-02-27
Tim Tharp,none
Peter Singer ,1946-07-06
Harlan Coben ,none
Yangsze Choo ,none
K.A. Tucker ,none
Maya Banks ,none
Joel C. Rosenberg ,1967-04-17
Cao Xueqin,1710-04-04
Julia Glass ,1956-03-23
Nicholas D. Kristof ,1959-04-27
Morgan Matson ,none
Erich Fromm,none
Renée Ahdieh ,none
Eve Ensler,1953-05-25
George Saunders,1958-12-02
Jonathan Lethem,1964-02-19
James Sillwood ,none
Bruno Schulz,1892-07-12
Alex Flinn ,1966-10-23
Jean Hegland ,none
Harold Bell Wright,none
Ilona Andrews ,none
Olivia Hawker,none
Jon Krakauer ,1954-04-12
Aldo Leopold,1887-01-11
Margot Lee Shetterly ,1969-06-30
Alice Oseman ,1994-10-16
Lance Armstrong,1971-09-18
William Wharton,none
H.G. Wells,1866-09-21
Dodie Smith,1896-05-03
Scott Heim,1966-09-26
Luís de Camões,none
Tina Reber ,none
Anne Elisabeth Stengl ,none
Amy Ewing,none
Antony Beevor,1946-12-14
Jack Weyland,none
Tucker Max ,1975-09-27
Jessica Khoury ,none
Clarice Lispector,1920-12-10
Tim Burton,1958-08-25
Atul Gawande,1965-11-05
Michel Foucault,none
Mark Cotta Vaz,none
Ron Millicent ,none
A.J. Jacobs,1968-03-20
Jessica Clare ,none
Christine Sparks,none
James L. Ferrell ,none
S.E. Hinton ,1948-07-22
Tymber Dalton ,none
Sarah Waters,1966-07-21
Cynthia Collins ,none
María Dueñas,none
Courtney Summers ,none
Thomas Hardy,1840-06-02
Dan Wells ,none
Gustave Flaubert,1821-12-12
Julie Kagawa ,1982-10-12
Marion Zimmer Bradley,1930-06-03
Alistair MacLeod,1936-07-20
Jasper Fforde ,1961-01-11
Estelle Maskame ,none
Manuel Puig,1932-12-28
Robin Gregory ,none
M.L. Rio ,none
Robertson Davies,1913-08-28
Patricia Cornwell ,1956-06-09
Patrick O'Brian,none
Chitra Banerjee Divakaruni ,none
Stanisław Lem,none
Eric Weiner ,none
Octavia E. Butler,1947-06-22
Lin-Manuel Miranda,1980-01-16
Raymond Chandler,1888-07-23
Mark Waid,1962-03-21
Norman Mailer,1923-01-31
Chris Hadfield,1959-08-29
Gary Santorella,none
Sigmund Freud,1856-05-06
Kate Egan,1976-05-10
M.R. James,1862-08-01
Victoria Schwab ,1987-07-07
Felix Alexander ,none
Alice Walker,1944-02-09
Anna Todd ,1989-03-20
Oyinkan Braithwaite ,none
Mary Downing Hahn ,none
Charles Martin ,none
Robert Charles Wilson,1953-12-15
Philippa Gregory ,1954-01-09
Joseph Delaney ,1945-07-25
Anchee Min,1957-01-14
Steve Martin ,1945-08-14
Justin Cronin ,none
Suzanne LaFleur ,none
Ilya Ilf,none
Christopher Priest,none
Louise Erdrich,1954-06-07
Mackenzi Lee ,none
Margaret Rogerson ,none
Aimee Bender ,1969-06-28
R.K. Narayan,1906-10-10
Erin Watt ,none
Dennis Cooper,1953-01-10
Robert A. Heinlein,1907-07-07
Eleanor Coerr,1922-05-29
Michael Moorcock,1939-12-18
Eugene B. Sledge,1923-11-04
Stacia Kane ,none
Cupcake Brown,none
Roméo Dallaire,1946-06-25
Dia Reeves,none
D.H. Lawrence,1885-09-11
Louisa May Alcott,1832-11-29
Victoria Scott ,1982-02-01
Morgan Rhodes ,none
Claude Bouchard ,none
Robert Tressell,none
Robert McLiam Wilson,none
A.G. Howard ,none
Jay Asher ,1975-09-30
Joss Stirling ,none
V.S. Naipaul,1932-08-17
Shelly Crane ,none
Hampton Sides,none
Daniel Pinkwater,1941-11-15
Faith Hunter ,none
Chuck Palahniuk ,1962-02-21
Marge Piercy,1936-03-31
T. Coraghessan Boyle ,1948-12-02
Tim Winton,1960-08-04
Scott Hawkins ,none
Matthew Reilly,1974-07-02
Gordon Korman,1963-10-23
Lacey Weatherford ,none
Abigail Haas ,none
Mary Webb,none
Sogyal Rinpoche,1947
Hergé,1907-05-22
Susanna Kearsley ,1966-01-17
Stef Penney,none
Larry Collins,none
Peter Thiel,1967-10-11
Jostein Gaarder,1952-08-08
Frances Burney,1752-06-13
Anthony Kiedis,1962-11-01
Linda Howard,1950-08-03
Bo Hampton ,none
Kate DiCamillo ,1964-03-25
Piers Paul Read,1941-03-07
D.J. MacHale ,1955-03-11
Kahlil Gibran,1883-01-06
Vince Flynn,1966-04-06
Sébastien Japrisot,1931-07-04
Tamara Ireland Stone ,none
Leila Meacham,none
Vālmīki,none
Nicholas Sparks ,1965-12-31
Kathryn Lasky,1944-06-24
Brenna Yovanoff ,none
Ai Yazawa,1967-03-07
Johnny Cash,1932-02-26
Timothy Egan ,1954-11-08
Richard Siken,1967-02-15
Saira Viola ,none
Bernadette Azizi,none
Roderick Gordon ,none
G.X. Chen ,none
Jason Luke,none
Felix Abt ,none
Paul Van Der Merwe ,none
Tom DeLonge ,1975-12-13
Eric M. Black ,none
Tiffany McDaniel ,none
Christopher Keene ,none
Mary Hoffman,none
Robin LaFevers,none
Renée Paule ,none
Daniel M. Harrison,none
William Kent Krueger ,1950-11-16
Peter Shaffer,1926-05-15
Linwood Barclay ,none
Emily Giffin ,1972-03-20
Donald A. Norman,1935-12-25
Clare B. Dunkle,none
Tamora Pierce ,1954-12-13
Christopher Isherwood,1904-08-26
Nicole Williams ,none
Kenneth Oppel ,1967-08-12
Haresh Daswani ,none
Lisa Tawn Bergren ,none
Kristin Hannah ,1960-09-25
Knut Hamsun,1859-08-04
Rupi Kaur ,1992-10-04
S.C. Gwynne,none
Mineko Iwasaki,1949-11-02
Harriet Ann Jacobs,none
Carla Capshaw ,none
Cindy Brandner ,none
Harry Thompson,1960-02-06
Aeschylus,none
Erica Stevens ,1999-12
Joseph Fink,none
Roland Barthes,1915-11-12
Tom Perrotta,1961-08-13
A.C. Gaughen ,none
Kristen Britain,1965-10-18
Michelle Cohen Corasanti ,none
Ryūnosuke Akutagawa,1892-03-01
Gary D. Schmidt,1957-04-14
Lincoln Child,1957-10-13
Alan Hollinghurst,1954-05-26
Jeff Smith,none
Michael Connelly ,1956-07-21
Jean Anouilh,1910-06-23
Samuel Beckett,1906-04-13
Tera Lynn Childs ,none
Christopher Shields ,none
Joyce Carol Oates,1938-06-16
Howard Marks,1945-08-13
William R. Forstchen,1950-10-11
Ally Shields ,none
Matthew Dicks ,none
Sean Covey,none
Kyōichi Katayama,none
Melanie Dickerson ,none
Julie Murphy ,none
Ann Rule,none
John Patrick Kennedy ,none
Avery Aster ,none
C.E. Medford ,none
Cath Crowley ,none
F. Paul Wilson ,1946-05-17
Roddy Doyle,1958-05-08
Victoria Helen Stone ,none
Thor Heyerdahl,1914-10-06
LaVyrle Spencer,1943-07-17
Caitlin Moran,1975-04-05
Marguerite Henry,1902-04-13
Sylvia Plath,1932-10-27
Brother Andrew,1928-05-11
Patricia C. Wrede ,1953-03-27
Christopher Paolini ,1983-11-17
Amin Maalouf ,1949-02-25
James Agee,none
Jean Ferris,none
William Faulkner,1897-09-25
Clive Barker ,1952-10-05
Patrick Taylor ,none
David Sheff ,1955-12-23
Sarah J. Maas ,1986-03-05
Joan Didion,1934-12-05
Guy Delisle,1966-01-19
Rani Manicka ,none
Rohinton Mistry,none
Javier Marías,1951-09-20
Jack Schaefer,none
Simon Winchester,1944-09-28
James Frey,1969-09-12
Neil Strauss ,none
K.A. Applegate,1956-10-09
Elizabeth George Speare,1908-11-21
Frantz Fanon,1925-07-20
Peter Jenkins,none
Gail McHugh ,none
Gary Paulsen,1939-05-17
Connor Franta,1992-09-12
Ryan Graudin ,none
Kelly Barnhill ,none
Caroline Taggart ,none
Georgette Heyer,1902-08-16
Jon Ronson,1967-05-10
Friedrich A. Hayek,1899-05-08
Mercer Mayer ,1943-12-30
Lauren Barnholdt ,none
Lawrence Anthony,1950-09-17
Joris-Karl Huysmans,1848-02-05
Daniel H. Wilson ,1978-03-06
Hafez,none
Stephen E. Ambrose,1936-01-10
Catherine Ryan Hyde ,none
Daniel Clowes,1961-04-14
Melissa de la Cruz ,1971-09-07
Joshua Foer ,1982-09-23
Aimee Carter ,none
Jacqueline Kelly ,none
Simone Elkeles ,1970-04-24
Ramachandra Guha,1958-04-29
Carol Plum-Ucci,1957-08-16
Kate McCarthy ,1992-10-24
Vivian Barz ,none
Sheri Holman,none
Jodi Lynn Anderson ,none
James Riley ,none
A.J. Mouse ,none
Naguib Mahfouz,1911-12-11
Katie McGarry ,none
Elizabeth C. Bunce ,none
Kate Jacobs,1959-01-11
Michelle Harrison ,none
Michael Crichton,1942-10-23
Michelle A. Valentine ,none
Joan Lindsay,1896-11-16
Vladimir Bartol,1903-02-24
Amy Harmon ,none
Gregg Olsen ,1959-03-05
Laurelin Paige ,none
Abolqasem Ferdowsi,none
Patricia A. McKillip,1948-02-29
Jane Yolen ,1939-02-11
Esther Earl,none
Mark Frost ,1953-11-25
Rebecca Donovan ,none
Gayle Forman ,1970-06-05
Chimamanda Ngozi Adichie,1977-09-15
Erick Setiawan ,none
Harold G. Moore,1922-02-13
Bridget Hodder ,none
Amber Smith ,none
Samantha Ryan Chandler ,none
Saul Bellow,1915-07-10
Nicholas Evans,1950-07-26
China Miéville ,1972-09-06
John Gunther,1901-08-30
Jack Kerouac,1922-03-12
Annie Proulx,1935-08-22
Olivia Cunning ,none
Gloria Whelan,1923-11-23
Conn Iggulden,1971-02-24
Nathan Filer,none
R.F. Kuang ,1996-05-29
Yvonne Woon ,none
Emma Donoghue ,1969-10-24
Elizabeth Berg,none
Trina Paulus,none
Gail Carson Levine ,1947-09-17
Dave Barry,1947-07-03
Jennifer Lynn Barnes ,none
Gretchen Rubin ,1965-12-14
Claudia Gray ,none
Cassandra Rose Clarke ,none
Lolly Winston,none
Charles Palliser,none
Alvin Schwartz,none
Sally Green ,none
Samuel Richardson,1689-08-19
Abigail Thomas,none
Jared Diamond,1937-09-10
Bertrand Russell,1872-05-18
Julie Berry ,none
Lucian Bane ,none
W.H. Hudson,1841-08-04
Louis L'Amour,1908-03-22
George Orwell,none
Luther Blissett,1958-02-01
Lora Leigh,1965-03-06
Evelyn Waugh,1903-10-28
John Cheever,1912-05-27
Jillian Dodd ,none
Matilde Asensi ,none
Becca Fitzpatrick ,1979-02-03
Amanda Lovelace,none
Catherine Fisher,none
Jessie Burton,1982-08-17
Chloe Benjamin ,none
Janet Fitch ,1955-11-09
Charles Frazier,1950-11-04
Djuna Barnes,none
Greg Behrendt ,1963-07-21
Steven Gould ,1955-02-07
Allan Pease,none
Nien Cheng,1915-01-28
Philip Pullman,1946-10-19
Robin McKinley,1952-11-16
Alice Schroeder,1956-12-14
Anna Banks ,none
Renee Carlino ,none
Tia Shurina ,none
Heather Brewer ,1973-09-21
Kathryn Erskine,none
Chris Grabenstein ,none
Milan Kundera,1929-04-01
L.E. Modesitt Jr. ,none
Snorri Sturluson,1179
Robert Greene ,none
Robert Holdstock,1948-08-02
Ashley Herring Blake ,none
Gore Vidal,1925-10-03
Phil Knight,1938-02-24
Robert G. Williscroft ,none
Gordon B. Hinckley,1995-03-12
Ellen DeGeneres,1958-01-26
Anne Lamott ,1954-04-10
Arthur Ransome,1884-01-18
Greg Iles ,none
Brittainy C. Cherry ,none
Jenny Lawson ,none
Kamala Markandaya,1924-01-01
Elizabeth Gaskell,1810-09-29
Anna Lee Waldo,none
Phyllis Reynolds Naylor,1933-01-04
Janette Rallison ,1966-04-01
Hannah Arendt,1906-10-14
Yamamoto Tsunetomo,none
Charles M. Sheldon,1857-02-26
Dean R. Koontz,1945-07-09
John Buchan,1875-08-26
Elfriede Jelinek,1946-10-20
Richard Bach ,1936-06-23
David Sedaris,1956-12-26
Rob Thurman ,none
Maile Meloy ,1972-01-01
Andrew Peterson ,none
Mary E. Pearson ,1955-08-14
Robert E. Howard,1906-01-22
David Lagercrantz,1962-09-04
D.C. Talk,none
Pär Lagerkvist,1891-05-23
Victor Villaseñor,1940-05-11
Alex London,none
Michelle Sagara,1963-05-05
Sara Douglass,1957-06-02
Elizabeth Payson Prentiss,none
Ann Aguirre ,none
Katie Ashley ,none
Elizabeth Strout,1956-01-06
Thérèse de Lisieux,1873-01-02
Anna Quindlen,1952-07-08
Catherine Hardwicke,1955-10-21
Nancy Werlin ,none
Lauren Child,1965-11-29
R.K. Lilley ,none
Tayari Jones ,1970-11-30
Robert McCloskey,1914-09-14
Hjalmar Söderberg,1869-07-02
Libba Bray ,1964-03-11
Winston Graham,1908-06-30
Shel Silverstein,1930-09-25
Ezra Pound,none
Alan Bennett,1934-05-09
Susane Colasanti ,1973-05-01
Enid Blyton,1897-08-11
Rhonda Byrne,1951-03-12
Maxine Hong Kingston,1940-10-27
David Brin ,1950-10-06
Luis Alberto Urrea ,1955-08-20
Jessica Verday,none
P.G. Wodehouse,none
Kathleen E. Woodiwiss,1939-06-03
Pam Muñoz Ryan,1951-12-25
Joseph Campbell,1904-03-26
Arturo Pérez-Reverte,1951-11-25
Stephen Hunter ,1946-03-25
M. Pierce ,none
Keith Donohue ,none
Marilyn French,1929-11-21
Erin Gruwell,1969-08-15
Kōji Suzuki,none
Steven Pinker ,1954-09-18
Madeleine Roux ,none
Mark Dunn,1956-07-12
Graeme Simsion ,none
Jeanette Winterson,1959-08-27
Stefan Zweig,1881-11-28
Julie Orringer ,none
L.P. Hartley,1895-12-30
Karl Marx,1818-05-05
Connie May Fowler ,none
Bisco Hatori,1975-08-30
Boris Vian,1920-03-10
Megan Shepherd ,none
Kat Zhang ,1991-04-01
Herman Koch,1953-09-05
Raina Telgemeier ,1977-05-26
Alice Hoffman ,1952-03-16
Robert Lynn Asprin,1946-06-28
Rafael Sabatini,1875-04-29
Witold Gombrowicz,1904-08-04
David Clement-Davies ,1964-01-06
Don Piper,none
Jacquelyn Frank ,none
Annette Curtis Klause,none
C.J. Daugherty ,none
Graham Swift,1949-05-04
Ruth Stiles Gannett,1923-08-12
Drew Karpyshyn ,1971-07-28
Sarah Dessen ,1970-06-06
Pernell Plath Meier ,none
Virginia Lee Burton,1909-08-30
Pamela Dean,none
Jennifer Ashley ,none
Kady Cross ,none
Jude Deveraux,1947-09-20
Hannu Rajaniemi,1978-03-09
Susan Vreeland,1946-01-20
Mari Mancusi ,none
Sherwood Smith ,1951-05-29
E.M. Forster,1879-01-01
Vera Brosgol ,1984-08-02
Patricia Reilly Giff,none
Keri Arthur ,1967-12-04
Bob Dylan,1941-05-24
Amy Tintera ,none
W. Cleon Skousen,1913-01-20
Grace Lin ,none
Lisa Genova ,1970-11-22
Andrew Mayne ,none
Chelsea Handler,1975-02-25
Kate O'Hearn,none
Frank Miller,1957-01-27
John Stephens,none
Jennifer E. Smith ,none
Fynn,none
Louise O'Neill,none
Jenny Carroll,1967-02-01
Kimberly Lauren ,none
Julia Cameron,1948-03-04
Karena Marie ,none
Alyxandra Harvey ,none
Georgia Hunter ,none
Brigid Kemmerer ,1978-01-11
Max Frisch,none
Diane Duane ,1952-05-18
Karen Witemeyer ,none
J.I. Packer,1926-07-22
Simone de Beauvoir,1908-01-09
Katherine Paterson,1932-10-31
Nick Burd,none
Thomas S. Kuhn,1922-07-18
J.R. Parker ,none
Irvin D. Yalom,1931-06-13
Macel Ely II,none
Stacey Kade ,none
Sarah Ann Walker ,none
Amber Lea Easton ,none
Jamie A. Waters ,none
Lola Smirnova ,none
Matthew D. Dho ,none
Alexandra Christo ,none
Donald McCaig,none
C.J. Sansom,none
Robert Bolt,1924-08-15
Peter Lerangis,none
Donna K. Childree ,none
Liz Kessler,none
Steve Kluger ,none
Kimberly Derting ,none
Tracy Chevalier ,1962-10-19
Pierre Boulle,1912-02-20
Chelsea Cain ,1972-02-05
Matthew Woodring Stover,none
Robert Thier,none
Emil M. Cioran,1911-04-08
James Thurber,1894-12-08
Mary Renault,1905-09-04
Joe Dunthorne,none
Nikki Sex ,none
Lene Kaaberbøl,none
Judith Kerr,1923-06-14
Katie Cotugno ,none
Sherman Alexie,1966-10-07
Robert Muchamore,1971-12-26
Joe Kelly,none
Victoria Foyt ,none
Anna Gallegos ,none
Greer Hendricks ,none
Shirley Jackson,1916-12-14
Claire Morgan ,1980-08-17
Edgar Lee Masters,1868-08-23
Jane Green ,none
Chris Wooding,none
Aidan Chambers,none
Veronica Blade ,none
Jo Nesbø ,1960-03-29
J.M. Darhower ,none
Amit Ray,1960-08-12
Epictetus,none
Jerry Spinelli,1941-02-01
Greg Egan,1961-08-20
Christopher Pike,none
Alexandra Ivy ,none
Marlo Morgan,none
Lisa Collicutt ,none
Émile Zola,1840-04-02
Sylvain Neuvel ,none
Diane Chamberlain ,none
Frédéric Bastiat ,1801-06-30
Jonathan Swift,1667-11-30
Alan Campbell,none
Kathleen Kent ,none
Tom Angleberger ,none
Jana Oliver ,none
Adrian Tchaikovsky ,1972-06-04
Hilary Davidson ,none
Ambrose Bierce,1842-06-24
Eloise Jarvis McGraw,none
Raymond Khoury ,none
James C. Collins,1958-01-25
Erich Segal,1937-06-16
Belzebuub ,none
Cat Clarke ,none
Caroline Smailes,none
James M. McPherson,1936-10-11
Neil Pasricha ,1979-09-17
Joseph Bédier,none
Iris Chang,1968-03-28
Jim L. Wright,none
Maggie Stiefvater ,1981-11-18
Hanif Kureishi,1954-12-05
Amy Efaw ,none
Alexandra Bracken ,none
Meg Wolitzer,1959-05-28
Melvin Burgess,1954-04-25
Alessandro Manzoni,1785-03-07
W.G. Sebald,1944-05-18
Kimber Lee ,1990-06-27
Nnedi Okorafor ,1974-04-08
Rodman Philbrick,1951-01-22
Molly McAdams ,none
Nicholas Pileggi,1933-02-22
Craig Thompson,1975-09-21
Rachel Hawthorne,none
Barbara Erskine,none
Frank McCourt,1930-08-19
Mark Tufo ,none
Robin Benway ,none
Riley Sager ,none
Robert Harris ,none
Ocean Vuong,1988-10-14
Keri Smith ,none
Asa Don Brown ,none
June Rae Wood,none
Brian Katcher ,none
Glen Cook,1944-07-09
Austin Kleon ,1983-06-16
Frances Hardinge,none
Stephanie Osborn ,none
Dorothy Koomson ,none
Rebecca Wells ,none
Paul Harding,none
Elizabeth Haydon,none
Lynn Flewelling ,1958-10-20
Tammy Falkner ,none
Jen Campbell ,none
Anthony Trollope,1815-04-24
Mark Hodder ,none
Pema Chödrön,1936-07-14
Myles na gCopaleen,1911-10-05
Crystal Rose ,none
Angela Morrison ,2007-08-28
Ray Bradbury,1920-08-22
Tommy Orange ,1982-01-19
Amitav Ghosh,1956-07-11
Chris d'Lacey,1954-12-15
Rebecca West,1892-12-21
Martha Hall Kelly ,none
Sejal Badani ,none
Annemarie Selinko,none
Grant Naylor,none
Margaret George ,none
Albert Einstein,1879-03-14
Maxim Gorky,none
S.J. Kincaid ,none
Kenzaburō Ōe,1935-01-31
Michael A. Singer ,none
Jean Genet,1910-12-19
Lili St. Germain ,none
Simon Sinek ,1973-10-09
Benjamin Alire Sáenz ,1954-08-16
Terry Tempest Williams,1955-09-08
Laurie R. King ,1952-09-19
Founding Fathers,none
Caroline B. Cooney,none
Richard Brautigan,1935-01-30
Shannon McRoberts ,none
Anne Blankman ,none
Robert Bryndza ,none
Alexander Helas ,none
Barry Hughart,1934-03-13
John Vaillant,none
John O'Hara,1905-01-31
Ben Mikaelsen,none
Thomas Tryon,1634-09-06
Maureen Johnson ,1973-02-16
Richard Russo ,1949-07-15
Michael Cunningham ,1952-11-06
Joanne M. Harris,none
Kate Forsyth ,1966-06-03
Bertolt Brecht,1898-02-10
James D. Bradley,none
Margaret Mazzantini,1961-10-27
Rachel E. Carter ,none
C.C. Humphreys ,none
Joe Hill ,none
Esther Hicks,1948-03-05
Ben Goldacre,1974-05-20
Kris Kelkar ,none
Ken Akamatsu,1968-07-05
Warren Ellis,1968-02-16
Jack Whyte ,none
Robin Wasserman ,none
Hajime Isayama,1986-08-29
Hugh Howey ,1975-06-23
Kyle Keyes,none
Robert Fanney ,none
Sarah L. Delany,none
Mark Walden ,none
Tama Janowitz,1956-04-12
Tim Willocks,1957-10-27
Harry Mulisch,1927-07-29
Jane Seville ,none
Abigail Roux ,none
Rose Christo,none
J.P. Delaney ,none
Scott Smith,none
Nick Bantock,none
Victoria Hislop,none
Bethany Wiggins ,none
Julie Buxbaum ,none
Katherine Arden ,none
Ali Benjamin,none
Laura Joffe Numeroff ,1953-07-14
Frank Miller ,1957-01-27
Farley Mowat,1921-05-12
April Henry ,1959-04-19
Andre Agassi,1970-04-29
L.J. Shen ,none
Sara Donati ,1956-01-14
Uwem Akpan,none
Andrew Klavan ,1954-07-13
Robert Kirkman,1978-11-30
Bethany Hamilton,1990-02-08
Wallace Breem,none
William Gaddis,1922-12-29
Mariko Tamaki,none
Autumn Jones Lake ,none
Georg Wilhelm Friedrich Hegel,none
Elizabeth Flock ,none
Gary Jennings,none
S. Jae-Jones ,none
Pete Hamill,1935-06-24
L.A. Meyer,none
M.L. Forman ,none
Walt Whitman,1819-05-31
Leo Tolstoy,1828-09-09
Lian Hearn,1942-08-29
Eduardo Galeano,1940-09-03
Peter Hedges,1962-07-06
Meredith Ann Pierce,none
Robert Specht,1921-10-22
Beryl Markham,none
Mary Lawson,none
E.D. Baker ,none
Randa Abdel-Fattah,1979-06-06
Amber Argyle ,none
Sophie McKenzie ,none
Kent Haruf,none
Christopher Paul Curtis,1953-05-10
Francesca Lia Block ,1962-12-03
Edward Gibbon,none
Lars Saabye Christensen,1953-09-21
Wu Cheng'en,none
Natasha Anders ,none
Marie Brennan ,none
Edward S. Herman,1925-04-07
Lucia St. Clair Robson,none
Tyler Whitesides ,none
Charles Baudelaire,none
Carl Sagan,1934-11-09
Bolesław Prus,1847-08-20
John Nichols,none
Catherine Gilbert Murdock,none
Roland Smith,1951-11-30
Willow Aster ,none
Jeff Noon,none
M.T. Anderson,1968-11-04
Josie Silver ,none
Barbara W. Tuchman,1912-01-30
Marilynne Robinson,1943-11-26
Karen Miller,none
Dennis Lehane ,1965-08-04
Marjane Satrapi,1969-11-22
Lesley Livingston ,none
Trenton Lee Stewart ,1970-05-27
Wendy Wunder,none
Jay McLean ,none
Charles de Lint ,1951-12-22
Euripides,none
Francisco X. Stork ,none
Steven Galloway,1975-07-13
GRWilson ,none
Percy Bysshe Shelley,1792-08-04
Emily Rodda ,1948-04-02
Jules Verne,1828-02-08
Jon Scieszka,1954-09-08
Jon McGregor,none
Sarah Winman,1964-12-24
Rebecca Zanetti ,none
Alaa Al Aswany,1957-05-26
Lucinda Riley ,1965-02-16
Nicholas Monsarrat,1910-03-22
Alexandra Monir ,none
Maurice Druon,1918-04-23
Alex Sanchez ,none
Shay Savage ,none
Melanie Rawn,none
Ntozake Shange,1948-10-18
Will Schwalbe ,none
Grant Morrison,1960-01-31
J.J. McAvoy,none
Tony Kushner,1956-07-16
James Victor Jordan ,none
Ann Fairbairn,none
B. Traven,none
Arthur C. Clarke,1917-12-16
Anthony Swofford,1970-08-12
Julia Golding ,none
Brian McClellan ,1986-01-25
Chris Bohjalian ,1962-08-12
David McCullough,1933-07-07
Kate Brian,1974-03-11
Lisa Scottoline ,1955-07-01
Lidia Yuknavitch ,1963-06-18
James D. Hornfischer ,none
Mordecai Richler,1931-01-27
Janet Edwards ,none
Ernest Cline ,1972-03-29
Robyn Carr ,none
Brian Lumley,1937-12-02
Alexandra Adornetto,none
Imbolo Mbue ,none
Joy Adamson,1910-01-20
S.C. Stephens ,none
I James Forrest,none
Herman Melville,1819-08-01
NisiOisiN,none
Mark R. Levin,1957-09-21
Ludovico Ariosto,none
Johanna Lindsey,1952-03-10
Alexandra Potter ,none
Lois Duncan,1934-04-28
Melissa Marr ,1972-07-25
Beth Flynn ,none
Jeanne Ryan ,none
Donita K. Paul ,1950-11-20
Kat Falls ,none
Emily Murdoch ,none
David Finkel,none
Henning Mankell,1948-02-03
Banksy,none
Rob Reger ,none
Jonathan Haidt,1963-10-19
Danielle Trussoni ,none
Jim Dwyer,none
Yann Martel,1963-06-25
Heather O'Neill ,none
Marlen Haushofer,none
Tennessee Williams,1911-03-26
M.M. Kaye,1908-08-21
Kevin Hearne ,1970-12-09
Walter Lord,1917-10-08
Cora Carmack ,none
James Lee Burke,1936-12-05
Chris Heimerdinger,none
Erik Larson ,none
John le Carré,1931-10-19
Zilpha Keatley Snyder,none
Wallace Stegner,1909-02-18
Julie Andrews Edwards,1935-10-01
Colleen McCullough,1937-06-01
J. Lynn,none
Jennifer Weiner ,1970-03-28
Raymond Queneau,1903-02-21
Jonathan Auxier ,1981-08-10
Gwen Hayes,none
C.G. Jung,1875-07-26
Sun-mi Hwang,none
Mhairi McFarlane ,none
Alexandre Dumas,1802-07-24
Cynthia D'Aprix Sweeney ,none
Bill Martin Jr.,none
James Herbert,1943-04-08
Imre Kertész,1929-11-09
Kentaro Miura,1966-07-11
Jacqueline Woodson ,1963-02-12
Candice Millard,none
Amy Chua,1962-10-26
Skyla Madi ,none
Laurie Halse Anderson ,1961-10-23
William Maxwell,none
Simon Wiesenthal,1908-12-31
Rene Denfeld ,none
Jennifer Worth,1935-09-25
Karen Kingsbury ,none
Foundation for Inner Peace ,none
Danny Sugerman,1954-10-11
Jiddu Krishnamurti,1895-05-11
Adam Fawer,none
Jess Walter,1965-07-20
M.J. Thompson ,none
Flannery O'Connor,1925-03-25
Susan Cooper ,1935-05-23
Lauren Morrill ,none
Opal Whiteley,1897-12-11
Frank Delaney,1942-10-24
John Eldredge,1960-06-06
Jack Canfield ,1944-08-19
Scott Snyder ,none
Taylor Caldwell,1900-09-07
George Grossmith,none
Chingiz Aitmatov,1928-12-12
Lauren Beukes ,1976-06-05
Monica Murphy ,none
The Harvard Lampoon,1876-02
Linda Castillo ,none
Jennifer Rush ,1960-09-28
Ernst Jünger,1895-03-29
Lisa Mantchev,none
Claire LaZebnik ,none
Felix Salten,1869-09-06
Glen Duncan,none
Roxane Gay ,1974-10-15
Paula Morris,1965-08-18
Mick Foley,1965-06-07
Rumiko Takahashi,1957-10-10
Jacquelyn Mitchard ,none
Anthony Burgess,1917-02-25
Suetonius,none
Rumi,none
pleasefindthis ,none
Herta Müller,1953-08-17
J.K. Rowling,1965-07-31
Elizabeth Hoyt ,none
Pepper Winters ,none
Gail Tsukiyama,none
Joan D. Vinge,1948-04-02
Melissa Bank,1960-10-11
Megan Whalen Turner ,1965-11-21
Walker Percy,1916-05-28
Jean Craighead George,1919-07-02
Catherine Jinks,none
Paul Murray,none
Nancy Holder ,1953-08-29
Elizabeth Forsythe Hailey,none
Christina Dodd ,none
Anton Szandor LaVey,1930-04-11
Anna Carey ,none
Violet Samuels ,none
Martha Wells ,1964-09-01
Julie Lessman ,none
Katherine Boo,1964-08-12
Jacqueline Winspear ,1955-04-30
William Kennedy,none
Ron McLarty,1947-04-26
Sheri Reynolds ,none
Theo Lawrence,none
Wendelin Van Draanen ,none
Rosemary Sutcliff,1920-12-14
John Brunner,none
Michael Buckley,none
L.M. Montgomery,1874-11-30
Karen Maitland ,none
Tim LaHaye,1926-04-27
Carol Goodman ,none
Helen Simonson ,none
J.D. Stroube ,none
Tom Davis ,none
Leandi Cameron ,none
S.M. Parker ,none
Michael Jensen ,none
Michael D. Durkota,none
Lene Fogelberg ,none
Tiffany FitzHenry ,none
Durgesh Satpathy ,none
Ali Marsman ,none
Susanna Tamaro,1957-12-12
Trevor Shane ,1976-04-04
Kay Redfield Jamison ,1946-06-22
Eric Flint,1947-02-06
Sorin Suciu ,none
Thomas Piketty,1971-05-07
Jeremy Griffith ,none
Chris Crutcher,1946-07-17
Sylvia Browne,1936-10-19
Liz Berry,none
Michel Faber,1960-04-13
Chris Thrall ,none
Isabel Wilkerson ,none
Hans Christian Andersen,1805-04-02
Farah Cook ,none
Susan M. Boyer ,none
Elizabeth Marie Pope,1917-05-01
Thomas L. Friedman,1953-07-20
Carolyn Jessop,1968-01-01
Adam Rex ,1973-05-16
Aristotle,none
John C. Wright,none
Lisa Ann Sandell ,none
Janie Pendleton ,none
Greg Cox,none
T. Rafael Cimino ,1963-06-04
Teresa Garcia ,none
Elle Casey ,none
Jerilee Kaye ,none
William James,1842-01-11
Michael Ondaatje,1943-09-12
Kathleen Baldwin ,none
Ginny Ror,none
Jayde Scott ,none
Alexander Jovy ,none
Emily Guido ,none
Mia Asher ,none
Anne Tyler ,1941-10-25
Katharine Kerr ,1944-10-03
Cecily von Ziegesar,1970-06-27
Gabriella Lepore ,none
Glen David Gold ,none
Ripley Patton ,none
Jun'ichirō Tanizaki,1886-07-24
A.J. Cronin,1896-07-19
Edmund Morris,none
Michael Dorris,1945-01-30
Zhou Weihui,1973-01-04
Iain Parke ,none
Kevin J. Howard ,none
Warren Buffett,1930-08-30
Bob Goff,1959-02-22
Jamal Lewis ,1979-08-26
Andrew Kaufman ,none
Jenna Black ,none
C.E. Kilgore ,none
Eben Alexander,none
Mary Higgins Clark,1927-12-24
Naoki Higashida,none
Rusty Young ,none
Dennis E. Taylor ,none
Rainbow Rowell ,1973-02-24
Nicholas Christopher,none
Jennifer Laurens ,none
Armando Cosani,none
Joseph Sweet ,none
Pablo Neruda,1904-07-12
Rysa Walker ,none
Durjoy Datta ,1987-02-07
Tamara Philip ,none
Jaye L. Knight ,none
Leisa Rayven ,none
Allan Folsom,none
Alma Katsu ,1959-11-29
David Weber,1952-10-24
Courtney Allison Moulton ,1986-08-16
Jalpa Willi,none
Ha-Joon Chang,1963-10-07
Maud Hart Lovelace,1892-04-25
Catherine M. Wilson ,none
Donato Carrisi,1973-03-25
Sebastian Barry,1955-07-05
Lauren Graham,1967-03-16
Michelle McNamara,1970-04-14
Elle Jasper ,none
Jus Accardo ,none
Michelle Rowen ,none
George Bernard Shaw,1856-07-26
Daniel Keyes,1927-08-09
Michelle Browne ,none
Leila Sales ,none
Robert Littell,none
C.S. Johnson ,none
Milton Friedman,1912-07-31
Ben Okri,1959-03-15
Allan Gurganus,1947-06-11
Owen Wister,1860-07-14
Adam Levin,none
Willo Davis Roberts,none
Selma Lagerlöf,1858-11-20
Philipp Meyer ,none
Allyse Near ,none
Kathleen McGowan ,none
Cecily von Ziegesar ,1970-06-27
Emilie Autumn ,1979-09-22
Hannah Moskowitz ,none
Karina Halle ,none
Romina Russell ,none
Kathleen Glasgow ,none
Mohsin Hamid,1971-07-23
J.P. Donleavy,1926-04-23
Brian Greene,1963-02-09
Susan Beth Pfeffer,none
Antony John ,none
Nathan Hill,none
Barbara Davis ,none
James Clear ,none
Peach-Pit,none
Masamune Shirow,1961-11-23
Clifford D. Simak,1904-08-03
Natsuo Kirino,1951-10-07
Sara Young,none
Michelle Zink ,none
Sherryl Jordan,none
Terence McKenna,1946-11-16
Roy Huff ,none
Julie Kibler ,none
Nick Bostrom ,1973-03-10
Soman Chainani ,none
Sarah Pinborough ,none
Zadie Smith,1975-10-25
Curtis Sittenfeld ,1975-08-23
Neil Sheehan,1936-10-27
Andy Andrews ,1959-05-22
Richard Rhodes,1937-07-04
H.M. Ward ,none
Veronica Rossi ,1973-06-16
Daniel Goleman ,1946-03-07
Nadine Brandes ,none
Devdutt Pattanaik ,1970-12-11
S.A. Chakraborty ,none
Eiji Yoshikawa,1892-08-11
Jeff Lindsay ,1952-07-14
Julia Child,1912-08-15
Derek Ruiz ,none
Galaxy Craze,none
Miroslav Krleža,1893-07-07
Brian Staveley ,none
Carrie Hope Fletcher,1992-10-22
Seth Dickinson ,none
Stephen Briggs ,none
Daniel Quinn,1935-10-11
Tonya Hurley ,none
Jenny O'Connell,none
Jocelyn Davies ,1959-06-18
Rebecca James ,none
Sherry Argov ,none
Ellen Marie Wiseman ,none
Nina George ,1973-08-30
Jessica Townsend ,1985-04-18
Shelly Laurenston,none
Lisa M. Klein,none
Perry Moore,1971-11-04
Yasunari Kawabata,1899-06-11
Susannah Cahalan ,1985-01-30
C.L. Hunter ,none
Lisa Maxwell ,none
John Carreyrou,none
Simon Singh,1964-09-19
Cynthia Lord,none
Melanie Benjamin ,none
Josh Kilmer-Purcell ,1969-08-28
Lurlene McDaniel ,1944-04-05
Nelson Algren,1909-03-28
Alan Moore ,1953-11-18
Jen Calonita ,none
Lisa Valdez ,none
Barry Hines,1939-06-30
Keith Richards,1943-12-18
Laini Taylor ,1971-12-11
Natalie D. Richards ,none
Lily King ,none
Gary Larson,1950-08-14
Ariana Franklin,1933-08-25
Karsten Knight ,none
Julian Jaynes,1920-02-27
Wilhelm Reich,1897-03-24
Michelle Alexander,1967-10-07
Wendy Alec,none
Noel Streatfeild,none
Marcus Sedgwick ,none
Joey W. Hill ,none
Cherlina Works ,none
Chevy Stevens ,none
Erin A. Craig ,none
Elizabeth Acevedo ,none
Marilyn Wann,none
R.L. Stine ,1943-10-08
Frederick Forsyth,1938-08-25
Alex Scarrow ,1966-02-14
Max Stirner,1806-10-25
Charles Pellegrino,none
Kate Avelynn ,none
Euclid,none
Lang Leav ,1980-09-08
James Dashner ,1972-11-26
Katharine McGee ,none
Kerri Maniscalco ,none
Claire McGowan,none
Anna Funder,none
The Church of Jesus Christ of Latter-day Saints,1830-04-06
Victoria Holt,1906-09-01
Lee Strobel,1952-01-25
Elsa Blomster,none
Ashley Poston ,none
Bruce Campbell,1958-06-22
Eva Rice,none
Christopher Healy ,none
Matthew Kneale,none
Deborah Blum,1954-10-19
Victoria Dougherty ,none
Don DeLillo,1936-11-20
Angie Sage,1952-06-20
Janell Cannon,none
Julie Klassen ,none
Kami Garcia ,1972-03-25
Idries Shah,1924-06-16
Kelly Elliott ,none
Zoje Stage ,none
Ralph Waldo Emerson,1803-05-25
Pope John Paul II,1920-05-18
A.N. Roquelaure ,1941-10-04
Johanna Sinisalo,1958-06-22
C.S. Friedman,1957-01-12
Daniel C. Dennett,1942-03-28
Julian May,1931-07-10
J.D. Barker ,none
Jane Smiley ,1949-09-26
Gordon R. Dickson,1923-11-01
Robert Graysmith ,1942-09-17
Jennifer Crusie ,none
Nova Ren Suma,none
Philip Pullman ,1946-10-19
Boethius,none
Hiroshi Sakurazaka,none
Allen Ginsberg,1926-06-03
Elizabeth Wein ,1964-10-02
L. Frank Baum,1856-05-15
M.K. Eidem ,none
Vicki Hendricks,none
Robert Dugoni ,none
Jenn Bennett ,none
Graham Hancock ,1950-08-02
Laura Whitcomb ,1958-12-19
Alain de Botton ,1969-12-20
Jessica Spotswood ,none
Jen Wang ,1984-03-22
Patrick McCabe,none
Anna Gavalda,1970-05-23
Kevin Brockmeier,1972-12-06
Isuna Hasekura,1982-12-27
Bill Simmons,1969-09-25
Paul Theroux,1941-04-10
Oliver Sacks,1933-07-09
Ray Dalio ,1949-08-08
Michelle Paver,1960-09-07
Irene Hunt,none
Apuleius,none
Banana Yoshimoto,1964-07-24
Elly Blake ,none
Rupert Thomson,none
Joseph Heller,1923-05-01
Maggie O'Farrell ,1972-05-27
Carol Lynch Williams,none
Wayne W. Dyer,none
Jim Harrison,1937-12-11
April Lindner ,none
Shan Sa,1972-10-26
Rachel Van Dyken ,none
Robert Walser,none
Sarina Bowen ,none
V.C. Andrews,1923-06-06
Richard Kadrey,1957-08-27
Natsuki Takaya,1973-07-07
Malcolm Gladwell,1963-09-03
J.M. Johnson ,none
Amy Hempel,1951-12-14
R.J. Anderson ,none
Sarah Crossan ,none
Kate Elliott ,none
Anna Othitis ,none
Eliyahu M. Goldratt,1947-03-31
Kerry Lonsdale ,none
Madeleine L'Engle,1918-11-29
Joan Bauer,none
Anton Myrer,1922-11-03
Isaac Bashevis Singer,1903-11-11
Sarah Mlynowski ,1977-01-04
Peter Watts ,none
Kimberly McCreight ,none
Cathy Octo ,none
John Boyne,1971-04-30
Gary B. Shelly,none
Emery Lord ,none
Lynn Viehl,none
David Almond,1951-05-15
Dante Alighieri,none
Albert B. Facey,none
Sheldon Vanauken,none
Chelsea Fine ,none
Audre Lorde,1934-02-18
Chris Carter,none
Leonard Mlodinow,none
Naomi Novik ,1973-04-30
Elmore Leonard,1925-10-11
James L. Swanson,1959-02-12
Susan Faludi,1959-04-18
Frank Beddor ,none
Xinran,none
Brian Sibley,1949-07-14
Paige Weaver ,none
Jean-Christophe Grangé,none
Steve Silberman,none
Jennifer Mathieu ,none
Christopher Greyson ,none
Angela Sommer-Bodenburg,1948-12-18
Peter Matthiessen,1927-05-22
Mildred D. Taylor,1943-09-13
Helen Hoang ,none
Maddie Dawson ,none
Andrew Sean Greer,1970-11-21
Bryan Davis ,none
Lars Kepler ,none
G. Willow Wilson ,1982-08-31
Joseph O'Connor,1963-09-20
Karen Russell ,1981-07-10
Yōko Ogawa,1962-03-30
Jay Kopelman,none
Jeff VanderMeer ,1968-07-07
Nikos Kazantzakis,1883-03-02
Sara Barnard ,none
Ryszard Kapuściński,1932-03-04
Ottessa Moshfegh,1981-05-20
Allan Frewin Jones,1954-04-30
William Wordsworth,1770-04-07
David Arnold ,1962-01-23
I.T. Lucas ,none
James H. Schmitz,1911-10-15
Melinda Haynes,1955-12-03
Walter Tevis,none
Søren Kierkegaard,1813-05-05
Joseph Boyden,1966-10-31
L.A. Casey ,none
Frank Warren,none
Jack Weatherford,none
Joss Whedon ,1964-06-23
James Goldman,1927-06-30
Evangeline Anderson ,none
Abraham Lopez ,none
Robin Jones Gunn ,none
N.D. Wilson ,none
Bill Willingham ,none
Thomas Aquinas,none
Mira Lyn Kelly ,none
Peter James,none
Markus Heitz,1971-10-10
Katrin Schumann ,none
Nancy Huston,1953-09-16
Laura Moriarty ,none
Pat Murphy ,none
Heinrich Böll,1917-12-21
J.J. Abrams,1966-06-27
Elin Hilderbrand ,none
Ngũgĩ wa Thiong'o,1938-01-05
Mary Karr,1955-01-16
Mia James,none
Dorothea Benton Frank,none
Gilbert Adair,none
Lauren Myracle,1969-05-15
Christopher Daniel Mechling ,none
Laura Kinsale ,none
Louise Gornall ,none
Matthew Farrell ,none
Don Marquis,none
Leah Cypess ,1977-07-05
Katsura Hoshino,1980-04-21
Jack Campbell,none
Michio Kaku,1947-01-24
Bodie Thoene ,none
Steven Pressfield ,none
J.D. Tyler ,none
Jennifer Lauck ,1963-12-15
Hillary Rodham Clinton,1947-10-26
Laura Sebastian ,none
Friedrich Dürrenmatt,1921-01-05
Steven Levy ,1951
William Horwood,none
Tim Bowler,1953-11-14
Megan Hart ,none
Fiona Barton ,none
Noah Hawley ,none
Anthony Powell,1905-12-21
Louise Murphy,none
Storm Constantine ,none
Bridget Zinn,none
Danielle Paige ,none
Connie Glynn,1994-03-16
Stephen Colbert ,1964-05-13
Allan C. Weisbecker,none
Tiffany Reisz ,none
Sarra Manning,none
Kimberley Freeman,none
Kristen Pro,none
Cristin Terrill ,none
Sven Hassel,1917-04-19
Martin Millar ,none
Peter Carey,none
Eric Wilson ,none
Tilly Bagshawe,1973-06-12
Dani Alexander ,none
Magda Szabó,1917-10-05
Stephen R. Lawhead,none
Rabindranath Tagore,1861-05-07
Ruth Warburton ,none
Dylan Thomas,1914-10-27
Sara B. Larson ,none
Albert Camus,1913-11-07
Andy Warhol,1928-08-06
Hayden Herrera,1940-11-20
Larry McMurtry,1936-06-03
Julie Powell,1973-04-20
Danilo Kiš,1935-02-22
Shaun David Hutchinson ,none
Terry Kay,1938-02-10
Morris Gleitzman,1953-01-09
G.I. Gurdjieff,none
Halldór Laxness,1902-04-23
Aurora Rose Reynolds ,none
Larry Correia,none
Robin Roe ,none
Douglas Wood ,none
Olaf Stapledon,1886-05-10
Karen Cushman ,1941-10-04
Amber Lee,none
Jesmyn Ward ,1977-04-01
F. Scott Fitzgerald,1896-09-24
Edward Bloor,1950-10-12
Sally Gardner,none
Ralph Helfer,none
C.J. Cherryh ,1942-09-01
Robert Ludlum,1927-05-25
Patrick Süskind,1949-03-26
Sam Savage,1940-11-09
Ken Liu ,none
Virginia Woolf,1882-01-25
Jeffrey Overstreet ,none
Daniel Wallace,none
Claude Brown,1937-02-23
Jaci Burton ,none
Sarah Alderson ,none
Odette Beane,none
Leopold von Sacher-Masoch,1836-01-27
Jean M. Auel,1936-02-18
Susan Kay,none
Leslie Garland ,none
Beth O'Leary ,none
C.J. Box,none
Gaston Leroux,1868-05-06
Tom Wolfe,1930-03-02
Cherie Priest ,1975-07-30
Aimee Friedman ,none
James George Frazer,1854-01-01
Mel Ryle ,none
Olivia Harvard ,none
Taylor Hartman,none
Barbara Pym,none
Gillian Shields,none
Elizabeth Hunter ,none
Clive Cussler,1931-07-15
Brian K. Vaughan ,1976-07-17
John Gwynne ,none
Kevin Henkes,1960-11-27
Kay Hooper,none
Inga Muscio,none
Jerry Bridges,none
John Hersey,1914-06-17
John Scalzi ,1969-05-10
Michelle Krys ,none
Cody McFadyen,none
Tara Sue Me ,none
T.M. Frazier ,none
Charles Haddon Spurgeon,1834-06-19
Donalyn Miller ,none
Stacey Jay ,none
Ruta Sepetys ,1967-11-19
Claire Monette ,none
Oscar Hijuelos,none
Max Lucado ,1955-01-11
Gustav Meyrink,1868-01-19
Edith Wharton,1862-01-24
David Shannon,1959-10-05
Max Weber,1864-04-21
Annie Jacobsen ,1967-06-28
Marlon James,none
Robert Munsch,1945-06-11
John Perkins ,none
Antonia Fraser,1932-08-27
Black Elk,1863-12-01
Cory Doctorow,1971-07-17
Andrew Smith,none
Will Christopher Baer,none
Umberto Eco,1932-01-05
Mike Mullin ,none
Mira Grant,1978-01-05
Carlos Fuentes,1928-11-11
Matthew Desmond ,none
Toni Morrison,1931-02-18
Kody Keplinger ,1991-08-08
Anne Holm,1922-09-10
Joe Simpson,none
Michelle Falkoff ,none
Dougie Brimson ,none
Gordon Dahlquist,none
Matthew Pearl ,none
J. Sterling ,none
S.M. Stirling,1953-09-30
Jay Lake,1964-06-06
Lori Wick,none
Amanda Grange ,none
Elizabeth Peters,1927-09-29
André Gide,1869-11-22
Winifred Watson,1906-10-20
Meredith Russo ,none
James Hogg,none
Joseph Mitchell,none
Tessa Gratton ,none
Ami McKay ,none
Don Freeman,1908-08-11
Julian Barnes,1946-01-19
MacKinlay Kantor,1904-02-04
Marlene Perez ,none
Barry Unsworth,1930-08-10
Ha Jin,1956-02-21
Robin Hobb ,1952-03-05
René Goscinny,1926-08-14
Bruce Chatwin,1940-05-13
Ann Voskamp,none
Michael Blake,none
Tarryn Fisher ,none
Elvira Woodruff,none
Lynne Ewing,none
Sergei Lukyanenko,1968-04-11
Robert Silverberg,1935-01-15
Edith Pargeter,none
Brendan Behan,1923-02-09
Aleatha Romig ,none
Lothar-Günther Buchheim,1918-02-06
Daniel Kehlmann,1975-01-13
Carrie Vaughn ,1973-01-28
John McPhee,1931-03-08
John Fowles,1926-03-31
John Marsden,none
Jussi Adler-Olsen,none
Kevin Powers,1980-07-11
Mia Sheridan ,none
Annie Dillard,1945-04-30
Louise Rennison,none
Sherri Hayes ,none
Harold Keith,none
Roger Fisher,none
David Benioff ,1970-09-25
Tom Sharpe,1928-03-30
Lisa Mangum ,none
Jo Walton ,none
Larry Niven,1938-04-30
Nicky Charles ,none
Dominique Lapierre,1931-07-30
Victoria Laurie ,none
Renée Knight,none
Hank Green ,1980-05-05
Ali Smith,1962-08-24
Eckhart Tolle,1948-02-16
Alex Garland,1970-05-26
David Wilkerson,1931-05-19
Pam Bachorz ,none
Douglas E. Richards ,none
Iris Johansen ,1938-04-07
Sarah Vowell,1969-12-27
Linda Hogan,none
Kate Summerscale,none
Eloisa James ,none
Jeff Shaara,1952-02-21
Robert Wilson ,none
Steve Harvey,1957-01-17
Jeanne Birdsall,none
Christos Tsiolkas,none
Mark Salzman,1959-12-03
Nick Flynn,1960-01-26
A.W. Tozer,1897-04-21
Mark Millar ,1969-12-24
Irene Gut Opdyke,none
Katherine Anne Porter,1890-05-15
William Gay,none
Daniel H. Pink ,1964-07-23
Patricia Highsmith,1921-01-19
Eugene Burdick,1918-12-12
Russell Hoban,1925-02-04
Petronius,none
Sean Gordon Murphy ,none
John Updike,1932-03-18
Thomas Bernhard,1931-02-09
Theodore Sturgeon,1918-02-26
M.D. Lachlan ,1964-07-14
P.L. Travers,1899-08-09
Daniel J. Levitin,1957-12-27
Letty Scott ,none
Jackie Collins,1937-10-04
Blaine Harden ,none
Elizabeth Norris ,none
Jerzy Kosiński,1933-06-14
Hyeonseo Lee ,1980-01
Lois Lenski,1893-10-14
Chaim Potok,1929-02-17
Matthew J. Kirby,none
Deborah Smith,none
Janette Oke,1935-02-18
Alan Bradley ,none
Andrei Tarkovsky,1932-04-04
Don Van Ryn,none
Dallas Willard,1935-09-04
Jacob Bronowski,1908-01-18
Joseph F. Girzone,none
David Graeber ,1961-02-12
Jon Stewart,1962-11-28
Hilary Duff,1987-09-28
Gennifer Albin ,none
Spike Milligan,1918-04-16
Elisabeth Elliot,1926-12-21
Irma S. Rombauer,1877-10-30
Kinley MacGregor,1965-12-11
Robert Cormier,1925-01-17
Camilla Läckberg ,1974-08-30
Stephen R. Donaldson,1947-05-13
Siobhan Vivian ,1979-01-12
Venedikt Erofeev,1938-10-24
Craig Ferguson,1962-05-17
Scott Speer,1982-06-05
William C. Samples ,none
Daniel Pyle ,none
R.A. McDonald,none
John Zunski ,none
Jilly Cooper,1937-02-21
Giorgio Bassani,1916-03-04
Tom Rachman,none
Sharon Cramer ,none
Dorothy Gravelle ,none
John Kellett ,none
Barry Jordan Jr. ,none
Carrie Salo ,none
Gena D. Lutz ,none
Yoshihiro Togashi,1966-04-27
Hannah Pole ,none
Cheryl McIntyre ,none
Ernest Shurtleff Holmes,none
Carlos Rivera ,1986-03-15
T.S. Krupa ,none
Jorge Amado,1912-08-10
Ludwig von Mises,1881-09-29
Aly Martinez ,none
John Williams,1932-02-08
Jonathan Macpherson ,none
H.L. Roberts ,none
Cliff Lerner ,none
Simon W. Clark ,none
Alan W. Watts,1915-01-06
Cindy Springsteen ,none
J.C. Valentine ,none
Walter Van Tilburg Clark,1909-08-03
Nikolas Lee,none
Neva Squires-Rodriguez ,none
Lisa Terry ,none
Bibhutibhushan Bandyopadhyay,1894-09-12
Eliezer Yudkowsky ,1979-09-11
Elle Kennedy ,none
Muhammad Asad,1900-07-02
Charlie J. Eskew ,none
Vikram Chandra,none
Max Frei ,1965-02-22
Ashley Rhodes-Courter,none
Ben Peller ,none
Luca Rossi ,none
Faraaz Kazi ,none
Meredith T. Taylor ,none
Richard Ford,1944-02-16
Robyn Ellington-Jones ,none
Mark Edwards ,none
Brian Celio,none
R.J. Ellory,none
Sarah L. Thomson ,none
Jonathan Culver ,none
Muna Imady,none
Michael Barnett ,none
Paul Brickhill,1916-12-20
Harlan Ellison ,1934-05-27
Homer Hickam ,1943-02-19
Eva García Sáenz ,none
James R. Hannibal ,none
T.L. Shreffler ,none
Grace Draven ,none
Amish Tripathi ,1974-10-18
Zaman Ali ,none
Greg McKeown,none
Heather Marsh ,none
Nicholas Eames ,none
Claire Legrand ,none
K.J. Kruk ,none
Ali Shaw ,none
Nancy Farmer ,none
Yukito Kishiro,1967-03-20
Simon R. Green,1955-08-25
Conor Grennan ,none
Katie Piper,1983-10-12
Cayla Kluver ,none
Leah Raeder ,none
Alan Dean Foster ,1946-11-18
Suzanne Young ,none
Mord McGhee ,none
Elise Kova ,none
I.V. Olokita ,none
Krista Ritchie ,none
Hilary Freeman,none
Clay Griffith ,none
Félix J. Palma ,none
Jaycee Dugard,1991-06-10
Leonard Seet ,none
Ibi Kaslik,1973-08-20
Ashwin Sanghi ,1969-01-25
Gina Holmes ,none
Aleksandr Solzhenitsyn,1918-12-11
Amanda Sun ,none
John J. Davis,none
Shota Rustaveli,none
K.Hari Kumar ,none
John Ajvide Lindqvist,1968-12-02
Jane Bowles,none
Michael McDowell,none
Georgia Byng,1965-09-06
Beth Aldrich ,none
Alex Bell,none
Alix E. Harrow ,none
Ayn Rand,1905-02-02
Omar Tyree,none
Evan Wright ,none
Noah Gordon,none
Kamila Shamsie,1973-08-13
Jessica Brody ,none
Laura Kaye ,none
Jay Winik,1957-02-08
Jeanne Kalogridis ,none
Sarah Robinson ,none
Meg Waite Clayton ,none
Legs McNeil,1956-01-27
Dmitry Glukhovsky ,1979-06-12
David Eagleman ,1971-04-25
André Aciman ,1951-01-02
Roshani Chokshi ,1991-02-14
Raymond A. Moody Jr.,none
Jamie O'Neill,1962-01-01
Bruce H. Wilkinson,none
Sam Harris,1967-04-09
Nicky Cruz,1938-12-06
Don Rosa,1951-06-29
Jan Potocki,1761-03-08
Sarah Fine ,none
E.L. Doctorow,1931-01-06
Kristi Cook ,none
Austin Tappan Wright,1883-08-20
Katherine Addison ,1974-11-25
Kathleen Rooney ,none
Natasha Pulley,1988-12-04
Chanel Miller,1992-06-12
Geraldine McCaughrean,none
Rebecca Lim ,1986-09-26
Candace Bushnell ,1958-12-01
Naomi Wolf ,1962-11-12
Joan M. Wolf,none
Maggie Thom ,none
Gavin Extence,none
A. Kirk ,none
Brittany Cavallaro ,none
Robert Kolker ,none
Florence Scovel Shinn,1871-09-24
Paul Neilan,none
Emily Maguire,none
Marcel Pagnol,1895-02-28
Michael Thomas Ford,none
Ann-Marie MacDonald,1958-10-29
Thich Nhat Hanh,1926-10-11
Sting,none
O. Henry ,1862-09-11
Mary Wollstonecraft,1759-04-27
Alden Bell,1904-07-11
Joe Egly ,none
Jean Lee Latham,none
Amos Oz,1939-05-04
Matt Ruff ,1965-09-08
Alejandro Jodorowsky,1929-02-17
Jay Bell ,1965-12-11
Susin Nielsen ,none
Robin Stevens ,1960-01-30
Jenna Evans Welch ,none
Rebecca Ross ,none
David Liss ,1966-03-16
Autumn Cornwell ,none
Lori Lansens ,none
Rick Atkinson,none
John Locke,1632-08-29
Janet Lee Carey ,1954-01-11
Dayna Lorentz ,none
Brian Malloy ,none
John McGahern,1934-11-12
Kazu Kibuishi ,1978-04-08
Stacey Lee ,none
Banani Ray ,none
Susan Brownmiller,1935-02-15
Brendon Burchard ,1977-02-28
Tom Spanbauer ,none
Allegra Goodman ,none
Shelena Shorts ,none
Judy Blundell,none
Jeri Smith-Ready ,none
Paul Stewart ,none
Richard Laymon,1947-01-14
Stephen Greenblatt,1943-11-07
Doris Lessing,1919-10-22
Colum McCann ,1965-02-28
Michael Z. Williamson,none
Scott Sigler ,none
David Seltzer,1940-02-12
Amber L. Johnson,none
Sara Raasch ,1989-08-26
Evelyn Skye ,none
Camilla Isley ,none
Michael Rickard ,none
Jackson Lanzing,none
Mary Elizabeth Braddon,none
James D. Watson,1928-04-06
Malorie Blackman ,none
Wes Moore,1978-10-15
Napoleon Hill,1883-10-26
Philip Norman,none
Osho,1931-12-11
Sophie Davis ,none
Hiro Mashima,1977-05-03
Pepper Pace,none
Geraldine Brooks ,none
C.L. Stone ,none
Ismail Kadare,1936-01-28
Ashley Chappell ,none
Giovanna Fletcher ,1985-01-29
Tali Carmi,none
Cammie McGovern ,none
Nick Bilton ,none
Lynette Noni ,none
Nic Stone ,1985-07-10
Jex Lane ,none
Benedict Anderson,1936-08-26
Hitomi Kanehara,1983-08-08
Travis Bradberry ,none
Jane Jacobs,1916-05-04
Sarah Blakley-Cartwright ,2011-03-07
Celine Kiernan ,none
Lesley M.M. Blume,none
Suzanne Enoch,none
David Bayles,none
Wolfram von Eschenbach,none
Julie Halpern ,none
Lesley Pearse,1945-02-24
Holly Smale ,1981-12-07
RoAnna Sylver ,none
M.H. Boroson,none
Robert Crais,1953-06-20
Michael Dante DiMartino ,1974-07-18
Nevil Shute,1899-01-17
Timothy Findley,1930-10-30
Anya Seton,1904-01-23
Erin Hunter ,none
Sunny,none
Lorelei James ,none
George W. Bush ,1946-07-06
Giles Milton,none
Bruce H. Lipton ,1944-10-21
Horace Walpole,1717-09-24
Taro Gomi,none
Alyson Richman ,none
Lindsay Cummings ,none
Waris Dirie,none
Rob Bell,1970-08-23
Tim Tigner ,none
Iain Banks,none
Kaui Hart Hemmings ,none
Jamie Magee ,none
Hannah Harrington ,none
Leonard Cohen,1934-09-21
Kelley York ,none
Christopher Yost,1973-02-21
Anna-Marie McLemore ,none
John Rechy,1931-03-10
Ann Coulter,1961-12-08
Jim Crace,1946-03-01
Christopher Barzak ,1975-07-21
John D. Fitzgerald,1906-02-03
Patricia Gaffney,none
Karen Hancock,none
Milton Steinberg,none
Arthur Schopenhauer,1788-02-22
S. Hussain Zaidi ,none
Terri Anne Browning,none
Ray Kurzweil,1948-02-12
Don Carpenter,none
Han Kang,1970-11-27
Loreth Anne White ,none
Arthur W. Pink,1886-04-01
Keith Waterhouse,none
Megan McDonald,none
Marc Levy ,1961-10-16
Willy Russell,1946-08-23
David Gaider,none
Starhawk ,1951-06-17
Westminster Assembly,none
Arthur Miller,1915-10-17
T.E. Sivec,none
Ella Frank,none
Kevin Barry,1902-01-20
Laura Harrington ,1958-04-29
Catherine McKenzie ,none
Ed Catmull,1945-03-31
Maria Dahvana Headley ,1977-06-21
Francesca Zappia ,none
Joe R. Lansdale,1951-10-28
James Franco,1978-04-19
Ian Caldwell,1976-03-18
Annette Marie ,none
Heather Demetrios ,none
Carmen Maria Machado ,1986-07-03
Kohei Horikoshi,1986-11-20
Alberto Moravia,1907-11-28
John Gardner,none
Donna Leon,none
Jenny B. Jones ,none
Galway Kinnell,1927-02-01
Marya Hornbacher,1974-04-04
Michael Ende,1929-11-12
Robert Coover,1932-02-04
Judith O'Brien,none
Betty Smith,1896-12-15
Mo Yan,1955-02-17
Leon Uris,1924-08-03
Jessica Park ,2001-10-21
Martin Page ,1959-09-23
Thierry Jonquet,none
Stuart Hill,none
Brian Moore,none
Adam Mickiewicz,1798-12-24
Addison D'marko ,none
Ian W. Toll ,none
David J. Schwartz,none
Francine Prose ,1947-04-01
Megan Bostic ,none
Victoria Michaels ,none
Regina Doman ,none
Robison Wells ,1978-04-04
Howard Pyle,1853-03-05
Kitty Thomas ,none
Sharon M. Draper ,1948-08-21
Natalie Goldberg,1948-01-04
Ben Elton,1959-05-03
Karen Amanda Hooper ,none
José Carlos Somoza,1959-11-13
Chris Columbus,none
Calia Read ,none
Nick Vujicic,1982-12-04
Emily Bleeker ,none
Joey Graceffa,1991-05-16
Hubert SelJr.,none
Robert Jackson Bennett ,none
V.E. Schwab ,1987-07-07
Philip Yancey ,1949-11-04
Stuart Gibbs ,1969-06-11
D.B. Shan,none
Luis Carlos Montalván,none
Mindy McGinnis ,none
Nadia Hashimi ,1977-12-12
Miriam Toews,none
Lisa Gardner ,none
Jim Grimsley ,1955-09-21
Charles Stross ,1964-10-18
Ingeborg Bachmann,1926-06-25
Liv Constantine ,none
Gregory Maguire,1954-06-09
Lauren Conrad,1986-02-01
Lauren Brooke,none
Justin Bieber,1994-03-01
Kitty Fitzgerald,1946-09-25
Bree Despain ,none
Robert Alter,none
Daron Acemoğlu,1967-09-03
Emily Dickinson,1830-12-10
Bella Forrest ,none
Inio Asano,1980-09-22
Susan Jeffers,none
Robert Musil,1880-11-06
Gary Soto,1952-04-12
Russell Banks,1940-03-28
Peter Tompkins,none
Marina Nemat ,1965-04-22
Alice Miller,none
Mark Oliver Everett,1963-04-10
Amy Kathleen Ryan ,none
Jami Brumfield ,none
Monica Furlong,1930-01-17
Barbara Goldsmith,1931-05-18
William Ritter ,none
Charlie N. Holmberg ,1988-04-04
Jaclyn Moriarty,none
Mary Westmacott ,1890-09-15
Alan Dean Foster,1946-11-18
Naomi Klein,1970-05-08
Henry Miller,1891-12-26
Wolf Erlbruch,1948-06-30
Zoraida Córdova ,1987-06-26
Lucy Dillon ,none
Michael Balkind ,none
Jenni James ,none
Laura Thalassa ,none
Bill Browder ,1964-04-23
Sheryl Sandberg,1969-08-28
Helen C. Escott ,none
T.J. Klune ,none
Henry Adams,1838-02-16
Caroline Miller,none
Lucy Grealy,none
Michael E. Gerber,none
Elizabeth Vaughan,none
Joshilyn Jackson ,none
Tehmina Durrani,1953-02-18
Jack Welch,1935-11-19
Germaine Greer,1939-01-29
Amanda Stone ,none
Laura Nowlin ,none
Julio Cortázar,1914-08-26
Karen White ,none
Mike Scantlebury ,none
Emily Carroll,none
Miriam Sawan ,none
Alistair MacLean,1922-04-21
Blanche Fisher Wright,none
Alexander Hamilton,1755-01-11
David Simon,1960-02-09
Witi Ihimaera,1944-02-07
Eilis O'Neal ,none
Dai Sijie,1954-03-02
Karin Fossum,1954-11-06
Shannen Crane Camp ,none
W.C. Sellar,none
Tom Rob Smith,1979-02-19
Stacey O'Brien,none
Penelope Douglas ,none
Caroline Kepnes ,1976-11-10
Katherine Applegate,1956-10-09
P.D. James,1920-08-03
Aleister Crowley,1875-10-12
Kerrelyn Sparks ,none
Lorrie Moore,1957-01-13
Warren Fellows,1953-09-13
Megan Crewe ,none
Smedley D. Butler,1881-07-30
Rabih Alameddine,none
Rita Leganski,none
Peter Heller,none
Jorge Luis Borges,1899-08-24
William B. Irvine,none
A.G. Riddle ,none
Al Ries,1926-11-14
Richard Scarry,1919-06-05
Margaret Sidney,1844-06-22
Nicholson Baker ,1957-01-07
Virginia M. Axline,none
Paul Krugman ,1953-02-28
E.R. Braithwaite,1912-06-27
Norman G. Finkelstein,1953-12-08
Lex Thomas ,none
Nicole Krauss,1974-08-18
Lawrence Wright ,1947-08-02
Mark Owen,1972-01-27
Alberto Manguel ,none
Bill James,1949-10-05
Chris Bradford ,none
Washington Irving,1783-04-03
Robert W. Doubek,none
Jenny Offill,none
Melissa Bashardoust ,none
Nella Larsen,1891-04-13
Erskine Caldwell,none
Joseph Smith Jr.,1830-04-06
Siobhan Dowd,1960-02-04
Margo Lanagan ,none
Carolyn Mackler ,none
Cornelius Ryan,none
Margaret Edson,none
Carey Corp ,none
Katherine Rundell,none
Kevin Brooks,none
Bill Brown ,none
Pyotr Kropotkin,1842-12-09
Gloria Naylor,1950-01-25
Tom Robbins,1932-07-22
Cherrie Lynn ,none
Ngaio Marsh,1895-04-23
Priscilla Glenn ,none
Dahlia Lu,none
Madeline Sheehan ,none
Pearl S. Buck,1892-06-26
Douglas R. Hofstadter ,1945-02-15
Angie Thomas ,1988-09-20
Emma Clayton ,none
Misty Bernall,none
John Jakes,1932-03-31
Alisa Kwitney ,none
Virginia Euwer Wolff,none
Flavia Bujor,none
Zoë Heller,1965-07-07
Marquis de Sade,1740-06-02
Dav Pilkey,1966-03-04
Ann Leckie ,1966-03-02
Catherine Steadman,1987-02-08
Wendy Holden ,none
Shaunti Feldhahn ,none
Johanna Reiss ,1932-04-04
James Clemens ,none
Kenneth Roberts,none
Will Self,1961-09-26
Sarah Prineas ,none
Dorothy L. Sayers,1893-06-13
Dennis Higgins ,1939-08-04
Wallace D. Wattles,none
Lissa Price ,none
Tupac Shakur,1971-06-16
James S.A. Corey ,none
Terry Deary,1946-01-03
William Nicholson,none
Brian Keenan,none
Sandra Brown ,1948-03-12
Darryl Brock,none
Carrie Fisher,1956-10-21
Jonah Lehrer ,1981-06-25
Elizabeth Richards ,none
Michelle Lovric,none
Jodi Meadows ,none
Tommy Wallach ,none
Anthony Ray Hinton,1956-06-01
Glenn Beck,1964-02-10
William Boyd,none
Frank Cottrell Boyce,1959-09-23
Steven D. Levitt,1967-05-29
Jonathan Maberry ,1958-05-18
Adriana Trigiani ,none
Beverly Cleary,1916-04-12
Atsushi Ohkubo,1979-09-20
Harold Bloom ,1930-07-11
Zen Cho ,none
Dathan Auerbach ,none
Rudolfo Anaya,1937-10-30
Catherine Asaro ,1955-11-06
Diana Gabaldon ,1952-01-11
Obert Skye,none
David Klass,none
Dick Winters,1918-01-21
Robert J. Sawyer ,1960-04-29
Cynthia Eden ,none
Bethany Griffin ,none
Barry Lyga ,1971-09-11
Ann Halam,1952-02-14
Jiang Rong,none
Elisabeth Naughton ,none
Jane Harvey-Berrick ,none
Robert Rankin,1949-07-27
Annabel Pitcher,none
Robert W. Chambers,1865-05-26
C.C. Gibbs ,none
Bryan Lee O'Malley,1979-02-21
Yeonmi Park,1993-10-04
N.T. Wright,1948-12-01
Edwidge Danticat,1969-01-19
Gautam Malkani,none
Andy McDermott,1974-07-02
Gilles Deleuze,none
Eric Shanower ,1963-10-23
Jennifer Bosworth ,none
Lindsey Kelk ,1980-10-03
Richard Condon,none
Nancy Springer ,1948-07-05
Valerio Massimo Manfredi,1943-03-08
Danielle L. Jensen ,none
Lynn Weingarten ,none
April Genevieve Tucholke,none
Mary Stewart,none
Brent Hartinger ,none
John Keats,1795-10-31
Greg Bear,1951-08-20
Tan Twan Eng,none
Ruth Frances Long ,1971-04-20
Alice Kuipers ,1979-06-29
Joan Aiken,1924-09-04
Molly Evangeline ,none
R.J. Palacio,1963-07-13
Madeleine Thien,none
Julia Spencer-Fleming ,1961-06-26
A.C. Weisbecker,none
Judith Fathallah,none
Lynn Austin ,none
Mark Steyn,1959-12-08
Jonah Goldberg,1969-03-21
H.F. Saint,none
T. Colin Campbell,1934-03-14
Ashley Judd,1968-04-19
Brom,none
Stephanie Perkins ,none
Neil Patrick Harris,1973-06-15
Scott Weiss,none
Eugene O'Neill,1888-10-16
Joshua Ferris ,1974-11-08
David R. Hawkins,none
David Mazzucchelli,1960-09-21
Bart Yates,none
Norman L. Geisler,1932-07-21
Plutarch,none
Meg Kassel ,none
Thomas Ligotti,1953-07-09
Silvana De Mari,none
Sarah Andersen ,none
Claire Huchet Bishop,none
Jack Canfield,1944-08-19
Ludwig Bemelmans,1898-04-27
Timothy J. Keller,1950-09-23
Swami Satchidananda,1914-12-22
Janice Thompson ,none
Peter David,1956-09-23
Jacqueline Wilson,1945-12-17
G.J. Walker-Smith,none
Justin Evans ,none
Liz Murray,1980-09-23
William Joyce ,1906-04-24
Kelly Oram ,none
Henry H. Neff ,none
David D. Burns,1942-09-19
Joe McGinniss,1942-12-09
Winston S. Churchill,none
Ian Kershaw,1943-04-29
David Morrell ,1943-04-24
John Foxe,none
Norman Doidge,none
Thomas H. Cook,1947-09-19
Marilyn Kaye,none
C.S. Forester,1899-08-27
Eric Ries ,1978-09-22
Cherise Sinclair ,none
J.B. Salsbury ,none
Meredith Duran ,none
James Luceno,none
Silvia Federici,none
Caroline Alexander,1968-03-03
Karen Traviss ,none
Sylvia Brownrigg,none
Ian Serraillier,none
Monica Ali,1967-10-20
Catherine Forsayeth,none
Rand Miller,1959-01-17
Bruce Coville,1950-05-16
Shane Claiborne,1975-07-11
Andrei Bely,1880-10-26
Ron Rash ,1953-09-25
Sean Stewart ,1965-06-02
William L. Myers Jr. ,none
Tatyana Tolstaya,1951-05-03
Iain M. Rodgers ,none
Laura Gallego García,1977-10-11
Richard Wurmbrand,1909-03-24
Guy Debord,1931-12-28
Frank W. Abagnale,1948-04-27
Tim Lott,1956-01-23
Willa Cather,1873-12-07
Miles Cameron ,1962-08-16
Lisa Renee Jones ,none
Brent Weeks ,1977-03-07
Jeramey Kraatz ,none
Kamel Daoud,none
Pam Jenoff ,none
George Carlin,1937-05-12
Sarah Dunant,1950-08-08
Anne Fadiman,1953-08-07
Herbie Brennan ,1940-07-05
Dee Henderson ,none
Jamie Begley ,none
Ken Dryden,1947-08-08
Cynthia Rylant,1954-06-06
Ethel Lilian Voynich,1864-05-11
Michael Wyndham Thomas ,none
Carmen Laforet,none
Henry H. Halley,1874-04-10
Robert T. Bakker,1945-03-24
Blake Mycoskie,1976-08-26
Aya Nakahara,1973-07-28
Randy Shilts,1951-08-08
Dale Carnegie,1888-11-24
Richard Holmes,none
Thalia Chaltas,none
Daniel Tammet ,1979-01-31
Helen Macdonald,none
Norah Lofts,1904-08-27
LeGrand Richards,1952-04-06
John Hart ,none
Melissa Darnell ,none
Lynne Olson ,1949-08-19
Edgar Rice Burroughs,1875-09-01
Flynn Meaney ,none
Delilah S. Dawson ,1977-10-21
Tom Franklin ,none
Angela Graham ,none
Patrick Marber,1964-09-19
Dick Francis,1920-10-31
Lesley Kagen ,none
Caleb Carr ,1955-08-02
Livia Bitton-Jackson,1931-02-28
Christopher Hitchens,1949-04-13
Miep Gies,none
Antonio Skármeta,1940-11-07
Avery Monsen ,none
M.J. Arlidge,none
Elizabeth George ,1949-02-26
Lloyd Jones,none
Fred Chappell,1936-05-28
Teresa Medeiros ,none
Rebecca Serle ,none
John Reynolds Gardiner,none
Julianne Donaldson ,none
Cassia Leo ,none
Henryk Sienkiewicz,1846-05-05
Cylin Bus,none
River Savage ,none
Jen Lancaster,none
Timothy Ferris ,1944-08-24
Nancy McKenzie,1948-02-19
Jackie Kay ,1961-11-09
Anna Sofia Botkin,none
Gary Vaynerchuk ,1975-11-14
Elise Broach,none
Tanya Landman,none
Elizabeth McCracken,none
Maya Angelou,1928-04-04
Kakuzō Okakura,none
C.M. Owens ,none
Melissa Tagg ,none
John Green ,1977-08-24
Anne Sexton,1928-11-09
Alexandra Lapierre,none
MaryJanice Davidson ,none
Rosamunde Pilcher,1924-09-22
Mark Childress ,none
Ernest Callenbach,1929-04-03
Nawal El Saadawi,1931-10-22
Adam Mansbach ,1976-07-01
Nicole Reed ,none
Harlan Ellison,1934-05-27
Amanda Foreman,none
Joseph Roth,1894-09-02
Tammara Webber ,none
Neal Asher ,1961-02-04
Alex Kotlowitz,none
Martha N. Beck ,none
Faye Perozich,none
Ram Dass,1931-04-06
Mal Peet,none
Charles Bernard Nordhoff,1887-02-01
Cherie Currie,1959-11-30
Jeph Loeb,none
Phaidon Press,none
Pamela Clare ,none
Jane Lynch,1960-07-14
Angelica Banks ,none
B.F. Skinner,1904-03-20
Wallace Stevens,1879-10-02
Christopher W. Alexander,none
Robert R. McCammon,none
Pete Fromm ,none
Ben Macintyre,1963-12-25
Roseanna M. White ,none
Janni Lee Simner ,none
Ellis Peters,none
Alan Bullock,none
Sam Enthoven,none
F.E. Higgins,none
Richard Hughes,none
Franklin W. Dixon,none
Elana Johnson ,none
Robb White,1909-06-20
Nancy Pickard,1945-09-19
Christina Henry ,none
James Comey,1960-12-14
Mo Willems,1968-02-11
Jane Kirkpatrick ,none
Angela Marsons ,none
James Gleick ,1954-08-01
Terri Blackstock ,none
David Hume,none
W. Bruce Cameron ,1956-07-25
Costas Taktsis,1927-10-08
Marlys Millhiser,none
Carsten Jensen,none
Carolyn Turgeon ,none
Sophocles,none
Charles Baxter,none
J.J. Connolly,none
Grace Livingston Hill,none
David Lipsky,1965-07-20
Sherry Gammon ,none
Fritjof Capra,1939-02-01
Philip Carter,1927-05-08
Suzanne Weyn,1955-07-06
Sudha Murty,1951-08-19
Monica McCarty ,none
Michael Jackson,1958-08-29
Laura Ruby,none
Lily Collins,1989-03-18
Noam Chomsky,1928-12-07
Nicholas Blake,1904-04-27
Robert C. O'Brien,1966-06-18
Penny Vincenzi,1939-04-10
Leigh Nichols ,1945-07-09
Rita Golden Gelman,1937-07-02
Horace McCoy,1897-04-14
Shane Dawson,1988-07-19
Cynthia Leitich Smith,none
Deborah Cooke ,none
Ann Radcliffe,1764-07-09
Mary Lindsey ,none
J.D. Vance,1984-08-02
Jeffery Hudson ,none
Lewis Grassic Gibbon,1901-02-13
Carole Matthews,none
Robert Lynn Asprin ,1946-06-28
Frans G. Bengtsson,1894-10-04
Charles Sheehan-Miles ,none
Jean-Jacques Rousseau,1712-06-28
Ron Hansen,none
William Pène du Bois,none
Neil Shubin ,1960-12-22
Jennifer L. Holm ,1968-06-16
Helen MacInnes,none
Bryan Sykes,none
Theodore Dreiser,1871-08-27
Myla Goldberg ,none
Carolyn MacCullough,none
Thomas E. Sniegoski,none
Brooke McKinley,none
Kristen Callihan ,none
Beatrix Potter,1866-07-28
Frank Portman ,1964-09-21
Emma Chase ,none
Andy Weir ,1972-06-16
Urantia Foundation ,none
Madeleine Brent,1920-04-11
John Osborne,1929-12-12
Myra McEntire ,none
Gary Zukav,1942-10-17
Daniel Abraham,none
Eudora Welty,1909-04-13
Thomas Hobbes,1588-04-05
Jodi Ellen Malpas ,none
Frans de Waal,1948-10-29
Donald Barthelme,1931-04-07
Edmund Spenser,none
Trinity Faegen ,none
Kathrine Kressmann Taylor,none
NoViolet Bulawayo,1981-12-10
Tsitsi Dangarembga,1959-02-04
Martin Lings,1909-01-24
Rachel Cohn,1968-12-14
Alicia Appleman-Jurman,1930-05-09
Susan Howatch,none
Sara Zarr,1970-10-03
Jade Parker,none
David J. Garrow,1953-05-11
David Markson,1927-12-20
Damon Suede ,none
Meredith Wild ,none
Mona Simpson ,1957-06-14
Adrian Phoenix ,none
Gerald Morris,none
Martin Luther King Jr.,1929-01-15
Caris Roane ,none
Helena Hunting ,none
Jenn Bishop ,none
Sandra Gulland ,none
Alfred Tennyson,none
Henri J.M. Nouwen,1932-01-24
E.F. Benson,1867-07-24
Keary Taylor ,none
Laura Esquivel,1950-09-30
Robert K. Massie,1929-01-05
Arnold Lobel,1933-05-22
Hanya Yanagihara ,none
John Gribbin,1946-03-19
Johann Wolfgang von Goethe,1749-08-28
Doris Kearns Goodwin,1943-01-04
Lorna Landvik ,none
Robert Newton Peck,1928-02-17
Francis A. Schaeffer,1912-01-30
Ari Marmell ,none
K.A. Linde ,none
Hayao Miyazaki ,1941-01-05
Robert Burton,none
Gina Damico ,none
Norman Vincent Peale,1898-05-31
Susan Donovan ,none
William Bligh,1754-09-09
Kelly Creagh ,none
Julia Donaldson,1948-09-16
Jessi Kir,none
Stephen Jay Gould,1941-09-10
Mary Amato ,none
Gary Keller ,none
Barbara O'Connor ,none
Brennan Manning,1934-04-27
Katie MacAlister ,none
Jeph Loeb ,none
John Elder Robison ,1957-08-13
Tanith Lee,1947-09-19
Autumn Doughton ,none
Ali Novak ,none
Xenophon,none
Synne Jakobsen ,none
Alex Gino,none
Deeanne Gist ,none
Jill Shalvis ,none
Antal Szerb,none
Jermaine Jackson,1954-12-11
Robert Dallek,1934-05-16
Sylvia Day ,1973-03-11
Jay Crownover ,none
Richard Fariña,1937-03-08
Kurban Said,none
James Boswell,1740-10-29
Jasinda Wilder ,none
Christina Stead,1902-07-17
Marina Keegan,1989-10-25
Thomas J. Stanley,none
Sarah Palin,1964-02-11
Larry Brown,none
Christopher Ryan ,1950-01-25
Andre Norton,1912-02-17
Adam Zamoyski,1949-01-11
Susan Orlean ,1955-10-31
Tadeusz Borowski,1922-11-12
Selden Edwards,none
J.B. Priestley,1894-09-13
Sabrina Ward Harrison,none
Sebastian Junger ,1962-01-17
Arthur Hailey,1920-04-05
David Wiesner,1956-02-05
Bill O'Reilly ,none
Karleen Koen ,none
Linda Buckley-Archer ,none
Erasmus,none
Lee Smith,none
Susan Carroll ,none
Jeff Long,none
Joanna Philbin,none
Frida Kahlo,1907-07-06
Matt Myklusch ,none
Dalai Lama XIV,1935-07-06
William Trevor,1928-05-24
William Kamkwamba ,1987-08-05
Lisa Marie Rice ,none
William Steig,1907-11-14
Karen Essex ,none
Anne Rivers Siddons,1936-01-09
Thomas Wolfe,1900-10-03
Peg Kehret,none
A.C. Crispin,none
Wen Spencer ,none
P.B. Kerr,none
Hester Browne ,none
Nancy Mitford,1904-11-28
Whitley Strieber ,1945-06-13
Jan Karon,none
Hugh Laurie,1959-06-11
Debra Driza ,none
John Saul,none
Cathy Marie Buchanan ,none
Daniel Silva,none
Lisa Jackson ,none
Rosemary Clement-Moore ,none
Margaret Laurence,1926-07-18
Booth Tarkington,1869-07-29
Thomas Paine,1737-02-09
M. John Harrison,1945-07-26
James St. James,1966-08-01
Og Mandino,none
Vicky Ireland ,none
Roberta Kagan ,none
Scott Blagden ,none
Elspeth Huxley,1907-07-23
Ben Fountain,none
ToBarlow ,none
Sharon Lathan ,none
ShelFoote,none
Kōbō Abe,1924-03-07
Jeanne Wakatsuki Houston,1934-09-26
Jaida Jones ,none
Esther M. Friesner,1951-07-16
Timothée de Fombelle,none
Dava Sobel,1947-06-15
Brent Runyon,none
A.S. Byatt,1936-08-24
Ayi Kwei Armah,1939-10-28
Kim Carpenter,none
Jennifer Probst ,none
Dani Pettrey ,none
Radclyffe Hall,1880-08-12
Daniel Waters ,none
Sandra Cisneros,1954-12-20
Maira Kalman,1949-11-05
Chris Owen ,none
Julie Hockley ,none
Andrea Cremer ,none
Melissa Grey ,none
Lisa Lutz ,1970-03-13
Philip Kerr,none
Eugene H. Peterson,1932-11-06
Ned Vizzini,1981-04-04
Scott Mariani ,none
Barbara Ann Kipfer ,none
Debbie Macomber ,1948-10-22
Sheri S. Tepper,1929-07-16
George Selden,none
Karen M. McManus ,1969-05-14
Isabel Gillies,1970-02-09
Mo Hayder,1962-01-02
Vladimir Lenin,none
Frederick Exley,1929-03-28
Thomas Cahill,1940-03-29
Robert Hicks,none
G.P. Ching ,none
Charles M. Schulz,1922-11-26
Megan Crane ,none
Alan Sillitoe,1928-03-04
Peter Straub ,1943-03-02
Suketu Mehta,none
Joy Preble ,none
Silas House ,1971-08-07
Walter Murch,1943-07-12
Kevin Leman,none
Elizabeth Kerner,none
Ruth Reichl,none
Arnold Bennett,1867-05-27
John Marrs ,none
Jonathan Harr ,none
Joyce Reardon,none
Susanne Winnacker ,none
Lauren Dane,none
RuDixon,none
Jim Bouton,1939-03-08
Russell Baker,1925-08-14
Mary Pipher,none
Anne Osterlund ,none
R.J. Scott ,none
Edna St. Vincent Millay,1892-02-22
Matthew Inman,2009-07-06
Heather Cocks ,none
Eric Sloane,1905-02-27
John Dos Passos,none
Patricia Nell Warren,1936-06-15
Indu Sundaresan ,none
Kahlen Aymes ,none
Richard Carlson,none
Richard Connell,1893-10-17
S.D. Tower,none
Andrew Ross Sorkin,1977-02-19
Stuart Woods,1938-01-09
Michael Dobbs ,1948-11-14
Martina Cole,none
J.G. Farrell,1935-01-25
Leroy Aarons,1933-12-08
Karen Hesse,1952-08-29
Robert M. Edsel,none
Robert Liparulo ,none
Victoria Finlay,none
T.H. White,1906-05-29
David Walliams,1971-08-20
Sharla Shangeling ,none
Emily Hahn,none
Shay Youngblood ,none
Marianne Wiggins,1947-11-08
Lisa Fiedler,none
Jason Hartley ,none
J.P. Obienugh,none
Ruth Elwin Harris,none
Lesley Downer ,none
Steve Groll ,none
Théophile Gautier,1811-08-30
Simon Goddard ,none
Kathryn Bonella ,none
E.J. Stevens ,none
Ruth Minsky Sender,none
Mitchell James Kaplan ,none
Elizabeth Marshall ,1951-09-07
David Malouf,1934-03-20
Martin Lastrapes ,none
Rene Gutteridge ,none
Miyuki Miyabe,none
Veronica Mist,none
Cathy Lamb ,none
Tablo,1980-07-22
Geoff Brown,none
Amy Wiseman,none
Jennifer Gooch Hummer ,none
Graeme Aitken ,none
Gadriel Demartinos,none
K.L. Kerr ,none
Asher Tensei ,none
Norene Moskalski ,none
Jebb A. Rebal ,none
David Holley ,none
Tom Wright,none
Robert Evert ,none
Mike Van ,none
Alexei Maxim Russell ,none
Ria Warrick ,none
Chelle Bliss ,none
T.H. Snyder ,none
Aron Ralston,1975-10-27
Radhanath Swami ,1950-12-07
Sean Dryden ,none
Laurence St. John ,none
Anna Kavan,1901-04-10
Robert Venditti ,none
Kenneth Eade ,1957-12-29
Kia Carrington-Russell ,none
Ashley Stambaugh ,none
R. Lee Smith ,none
Lara Whatley ,none
Ascentii Phoenix ,none
Landon Parham ,none
Daniel P. Mannix,none
Yuu Watase,1970-03-05
Thomas Sweeney ,none
J.A. Baker,1926-08-06
Mari Hamill ,none
E.C. Jackson ,none
Brandon Novak,1978-12-10
Michele Breza ,none
John Calvin,1509-07-10
Sumrit Shahi,1993-02-12
Loren Molloy ,none
Cathy McLennan ,none
Donald J. Trump,1946-06-14
Kapil Kumar Bhaskar ,none
Ashish Jaiswal ,none
Amy Koto ,none
Laurick Ingram ,none
Robert Jenkins ,none
Beth Koritz ,none
Wole Akosile ,none
Jordan B. Peterson ,1962-06-12
Melanie Martins ,none
Sita Bennett ,none
Tillie Walden,none
Maria Savva ,none
Delores Phillips,none
Bryce Anderson ,none
Jonathan Evison ,1968-09-27
Douglas N. Graham,none
Colette,1873-01-28
Mary Baker Eddy,1821-07-16
Rose Macaulay,1881-08-01
Lane von Herzen ,none
Colleen Helme ,none
Sally Beauman,1944-07-25
Scott Michael Craig ,none
Fannie Flagg,1944-09-21
François Truffaut,1932-02-06
Jeffrey Moore,none
Stefan Bourque,none
Brittney Ryan ,none
Isak Dinesen,none
Eric Blehm,none
Folami Morris ,none
Derek Walcott,1930-01-23
Gardner McKay,1932-06-10
Red Phoenix ,none
Robin Craig Clark ,none
Cheryl Strayed ,1968-09-17
Brenda Dyer ,none
Meghan Quinn ,none
Paul Cude ,none
John Niven,none
Garth Stein ,none
Steven dos Santos ,none
Heather C. Leigh ,none
Anand Neelakantan ,none
James Ponti ,none
Andy McNab,1959-12-28
Ashley Stoyanoff ,none
John O'Riley ,none
Algernon Blackwood,1869-03-14
Terry Schott ,none
Kristen Zimmer ,none
Iain Reid ,none
Kate James ,none
Vincent L. Scarsella ,none
Michael D. O'Brien,none
Fletcher DeLancey ,none
C. Robert Cargill ,1975-09-08
Nina Willner ,1961-03-01
Maryrose Wood ,none
Charlie Mackesy,1962-12-11
Kiley Reid,none
Osama bin Laden,1957-03-10
S. Andrew Swann ,none
Marjorie Flack,none
Jimmy Buffett,1946-12-25
Susan Campbell Bartoletti,1958-11-18
Charles Williams,none
Rex Pickett ,1952-07-09
John Joseph Adams ,1976-07-31
Alice Munro,1931-07-10
George R.R. Martin ,1948-09-20
Kay Lynn Mangum,none
Bahá'u'lláh,1817-11-12
Harold Abelson,1947-04-26
K.A. Mitchell,none
Patrick D. Smith ,1927-10-02
Confucius,none
Don L. Wulffson,none
P.J. O'Rourke,1947-11-14
Christina Worrell,none
Sherry Jones ,none
Indigo Bloome ,none
Atlas Jordan ,none
Rochak Bhatnagar ,none
Walter Benjamin,1892-07-15
Alethea Kontis ,none
Emily Snow ,none
T.D. McMichael ,none
John Fitzgerald ,none
Jeffrey Lang,none
Robin Bridges ,none
Hiromu Arakawa,1973-05-08
David Peace,none
Duff McKagan ,1964-02-05
Scott Hildreth ,none
Gina Robinson ,none
Jettie Woodruff ,none
Henry T. Blackaby,none
Eve Forward,1972-01-17
Helen Bateman ,none
David Benioff,1970-09-25
John Katzenbach,1950-06-23
J. David Simons ,1953-08-27
Sara Gruen ,none
Matthew Syed,1970-11-02
Lylah James ,none
Andrew Norriss,none
Kate Stewart ,1995-01-16
Kenneth Jarrett Singleton,none
Jason Fried,1999
Sara Bareilles,1979-12-07
Holly Bourne ,none
Vi Keeland ,none
E.O. Odiase ,none
Melissa Fay Greene,none
Arthur Koestler,1905-09-05
Margaret Cheney,none
Nedjma,none
I.A. Ibrahim,none
Pedro Juan Gutiérrez,none
Colleen Coble ,none
Audrey Wood ,1948-08-12
Sonya Sones ,none
Julia Serano ,none
Dave Boling ,none
Kelly Bingham,none
Anthony McGowan,1965-01-01
Jiří Kulhánek,none
Joel Ponzio,none
Melissa Foster ,none
Diane Haeger ,none
Julian Darius ,none
Jessica Anthony,none
David Grossman,1954-01-25
Laurel Bradley ,none
Phoebe Gilman,1940-04-04
Josh Bazell,none
Eric J. Gates ,none
J.T. LeRoy,none
William Lidwell,none
Kathleen Shoop ,none
Weston A. Price,1870-09-06
Bernhard Hennen,none
Orly Castel-Bloom,none
Jo Knowles ,none
Liesl Shurtliff ,none
David Dalglish ,none
S.E. Hall ,none
Kat Richardson ,1964-05-22
Austin Aslan ,none
Herman Wouk,1915-05-27
D.B. Tarpley ,none
Mila Gray,none
The RZA,1969-07-05
Alice Sebold,1963-09-06
Michael Bar-Zohar,1938-01-30
Chris-Jean Clarke ,none
Peter Monn ,none
Danielle Esplin ,none
Lauren James ,2001-09-29
Kade Cook ,none
Pauline A. Chen ,none
Sarah Lyons Fleming ,none
Rachel Bach ,none
Cassandra Fear ,none
Ali Land,none
Nujeen Mustafa,none
Jennifer Anne Davis ,none
Jill Santopolo ,none
Marjorie M. Liu ,none
Ryan Holiday ,1987-06-16
Lyndsay Faye ,none
Lyssa Kay Adams ,none
Angela Y. Davis,1944-01-26
Sarah-Kate Lynch ,none
Jean Cocteau,1889-07-05
Paul Jenkins ,none
Muhammad Mustafa al-ʿAzami,none
Beth Gutcheon ,none
Beverly Jenkins ,none
John Christopher,1922-04-16
Belva Plain,1915-10-09
Sarah Mason,none
Tosca Lee ,1969-12-01
Maria McCann,none
Mary Wesley,none
Serena Anderlini-D'Onofrio,none
Robert Hellenga,1941-08-05
Richard Castle,none
Carol Ryrie Brink,1895-12-28
Andrew E. Maugham,none
Ron Currie Jr. ,none
Jeremy Narby,none
Nicci French,1959-05-28
Larry Watson ,none
Izzeldin Abuelaish,none
Andy Mulligan,none
Suzy McKee Charnas ,1939-10-22
Jean Sasson ,none
Sarah Rayner ,none
Jean Mead ,none
Jhonen Vásquez,none
Arthur Phillips ,1969-04-23
Charlie Huston,none
Tabitha Suzuma ,1975-02-02
Veniamin Kaverin,none
Paul Freeman ,none
Nel Ashley ,none
Graham McNeill,none
J. Cafesin ,none
Em Bailey ,none
Judith Merkle Riley,1942-01-14
Walter Dean Myers,1937-08-12
Dick Lehr,1954-05-03
Dan Jenkins,1928-12-02
Enrique de Hériz,none
Stephanie Hudson,none
Peter J. Story ,none
Max Cummings,none
Alfred Jarry,1873-09-08
René Descartes,1596-03-31
Taiyo Matsumoto,1967-10-25
Christie Golden,1963-11-21
William King ,none
Beth Reekles ,1995-06-07
Lynn Montagano ,none
Mika Waltari,1908-09-19
George Gissing,1857-11-22
Carol Antoinette Peacock ,none
William MacAskill ,1987-03-24
Beth Revis ,none
Richard Flanagan,none
Stephen Clarke,none
Steve Sheinkin,none
Elena Favilli ,1982-08-03
Kevin B. MacDonald,1944-01-24
Mervyn Peake,1911-07-09
Emiko Jean ,none
Viral Dalal ,none
Olga Tokarczuk,1962-01-29
Adib Khorram ,none
Susan Blackmore,1951-07-29
Victoria Lee ,2004-05-17
Kiran Nagarkar,1942-04-02
N.E. Bode,none
Janny Wurts ,1953-12-10
Hugh Nibley,1910-03-27
Paul Beatty,1962-06-09
Tyler Perry,1969-09-13
Antwone Quenton Fisher,1959-08-03
Jonathan Friesen ,none
Anthony Thorlby,none
Gennifer Choldenko ,1957-10-20
Richard Bradford,none
Tanya Huff,none
Holly Lisle ,none
Anthony Doerr ,1973-10-27
Michael H. Hart,1932-04-27
Wilfred Owen,none
Robert Brody,none
Ashley Sanders ,none
One Direction,none
Bruce D. Perry,none
Eric Knight,1897-04-10
Fauziya Kassindja,none
Matthew Cody ,none
Timber Hawkeye ,none
Brian W. Aldiss,1925-08-18
Sadie Jones,none
Leon Trotsky,1879-11-07
Lori L. Otto ,none
Gertrude Stein,1874-02-03
Makoto Shinkai,1973-02-09
John Lewis,1940-02-21
Kaitlin Bevis ,none
Garrett Leigh ,none
Gitty Daneshvari,none
Rachel Morgan ,none
Ruth Cardello ,none
Shashi Tharoor,1956-03-09
K.L. Randis ,none
Joey Goebel,1980-09-02
Dan Skinner ,1973-01-25
Steve McHugh ,none
Budd Schulberg,1914-03-27
Colm Tóibín,1955-05-30
Richard Adams,1920-05-09
Neil Abramson,none
Seth Godin,none
Joey Fehrman ,none
Anne-Marie Conway,none
Adam Steven Page ,none
Takaya Kagami ,1979-05-22
C.J. Redwine ,none
Leonard Susskind,1940-06-16
Timothy Conigrave,1959-11-19
Will Wight ,1989-08-11
Wendy Spinale ,none
Malala Yousafzai,1997-07-12
Jennifer Latham ,none
Sharlyn G. Branson ,none
Steven D. Orr ,none
Elie Wiesel,1928-09-30
C.G. Drews ,none
Max Porter,none
Walter Isaacson ,1952-05-20
Josh Waitzkin,1976-12-04
Bernardine Evaristo,1959-05-28
Haemin Sunim,1973-12-12
Helen Oyeyemi ,1984-12-10
Tracy Tresidder,none
David Halberstam,1934-04-10
Maylis de Kerangal,1967-06-16
J.V. Hart,none
Ivan Doig,1939-06-27
Wendy Markham ,none
Ian Rankin ,1960-04-28
Jennifer Kaufman ,none
Micaela Gilchrist,none
Lael Littke,none
Carol Shields,1935-06-02
Amanda Marrone ,none
Lawrence Block ,1938-06-24
Abra Ebner ,none
Kate Morgenroth,none
Mário de Andrade,1893-10-09
Bo Caldwell,none
Sarah Blake ,none
Mark Gatiss,1966-10-17
Annie Barrows,none
John Myers Myers,none
Abigail Reynolds ,none
Elizabeth Brundage,none
Ul De Rico,none
Kaira Rouda ,1963-05-17
Jorge Bucay,1949-10-30
Ravi Zacharias,1946-03-26
S.J. Day ,none
Jim Thompson,none
James Swallow ,none
Tracy Letts,1965-07-04
Patrick Lee ,none
Tony Dungy,1955-10-06
J.C. Burke ,none
Paul Rega ,none
Cameo Renae ,none
Stephen Jones ,none
Joyce Meyer,1943-06-04
Will Ferguson,1964-10-12
Claire Kent ,none
Diana Rowland ,none
Billy Collins,1941-03-22
J.F. Smith ,none
Aurora Whittet ,none
Erynn Mangum,none
Lydia Michaels ,none
Beatriz Williams ,none
Wally Lamb ,1950-10-17
Edward Kelsey Moore,none
S.A. Bodeen ,none
Brian Yorkey,none
Natasha Mostert ,none
Eimear McBride,none
Michelle Gagnon ,none
William Sirls ,none
Preeti Shenoy ,1971-12-21
Hélène Berr,none
Edward de Bono,1933-05-19
Albert Espinosa ,1973-11-05
Ivan Goncharov,1812-06-18
Ben Kane,1970-03-06
Lauren Blakely ,none
C.S. Pacat ,none
Alyssa B. Sheinmel ,none
William Lane Craig,1949-08-23
Lilly Singh,1988-09-26
Robert M. Sapolsky,1957-04-06
Martin Booth,1944-09-07
Sarah Beth Durst ,1974-05-23
Jocko Willink ,1971-09-08
Robert Beatty ,1909-10-19
Gita Trelease ,none
Rebecca Schaeffer ,1967-11-06
Kiran Bhat ,none
Karen Rose ,none
Kevin Eastman,1962-05-30
