,0
Becky Albertalli , U.S.
Catherine Marshall, United States
Sarah J. Maas , 1986 (age 36)New York
André Aciman , Egypt
Don DeLillo, U.S.
Aimee Cabo Nikolov ,none
Hanya Yanagihara , U.S.
V.E. Schwab, 1987 (age 35)California
Nicola Yoon ,American
Marissa Meyer , U.S.[2]
Mia Sheridan ,none
Cassandra Clare , Iran
Kathleen Zamboni McCormick ,none
Kenneth Jarrett Singleton,none
Fernando Pessoa, Portugal
Maria Nhambu ,none
Anne Willow ,none
Amie Kaufman , Australia
Colleen Hoover , US
Laura Joffe Numeroff , U.S.
Ransom Riggs, U.S.
Delia Owens ,c. 1949
M. Robinson,none
Afroz Alam ,none
Lawrence Hill, Ontario
John Green , U.S.
John Tiffany ,John Richard Tiffanyc. 1971 (age 50–51)
Kiera Cass , South Carolina
Tara Westover , Idaho
Michel Guyon ,none
Liane Moriarty , Australia
Victoria Aveyard , US
Ammar Habib , 1967 (age 55)
Rohith S. Katbamna ,none
Stephanie Garber ,American
Madeline Miller , U.S.
Jason Latshaw ,none
Kirsten Fullmer ,none
Gail Honeyman,none
Garth Nix , Australia
Paul Kalanithi, 1977
Margaret Wise Brown, U.S.[1]
Gillian Dance ,none
Naomi Novik , US
Samuel R. George,none
Rick Riordan , U.S.
J.K. Franko ,none
Taylor Jenkins Reid , U.S.
Ted Bernal Guevara ,none
Blake Crouch , North Carolina
Renée Ahdieh ,Writer
Andrew Watson ,none
Ruta Sepetys , U.S.
Brandon Sanderson , U.S.
Maggie Stiefvater , US
Jenny Han , U.S.
Heather Morris , U.S.
Alex Michaelides ,none
Amor Towles , U.S.
Holly Black , U.S.
Jean Rhys, British Leeward Islands (now Dominica)
Laini Taylor , US
Rhys Bowen , Somerset
Nelou Keramati ,none
A.D. Zoltan,none
Mackenzi Lee ,MacKenzie Van Engelenhoven
J. Jupes ,none
Sam Conniff ,British
Ta-Nehisi Coates, U.S.
Rachel Caine , 1962United States
Pierce Brown , Colorado
Leslie Garland ,none
Tomi Adeyemi , 1993 (age 29)
Frank Herbert, U.S.
Daniel Silva,none
Kendra Elliot ,none
Jay Kristoff , Australia
Katherine Arden , U.S.
Adam Silvera , U.S.
Jakub Lasak ,none
Lisa Renee Jones ,none
Robert Dugoni ,none
Tricia Copeland ,none
A.F. Knott ,none
Fredrik Backman , Sweden
Dan Brown , U.S.
C.S. Pacat ,none
Mark M. Bello ,none
Cece Whittaker ,none
Shaun David Hutchinson ,none
William Graney ,none
M.S. Matassa ,none
Melinda Leigh ,none
Trevor Noah, South Africa
Kris Kelkar ,none
Celeste Ng , Pennsylvania
Jamie McHone ,none
Shari Lapena ,none
Mya Robarts,none
Darin C. Brown ,none
B.A. Paris , UK
K.J. Soze ,none
Michael Stephen Daigle ,none
Scott Lynch , U.S.
Danielle Simmons,none
Marie Rutkoski , United States
Ashlee Vance ,1977 (age 44–45)South Africa
Miquel Reina ,none
Christian Warren Freed ,none
Sylvia Plath, U.S.
E.L. James , England
Camilla Isley ,none
Soman Chainani , filmmaker
Jordan B. Peterson, Canada
Lisa Wingate ,1965Germany
Lee Matthew Goldberg ,none
Grahame Shannon ,none
Anne Michaud ,none
Denis Johnson, West Germany
Kerri Maniscalco ,none
Amanda Hocking , Minnesota
Mark T. Sullivan ,none
Emem Uko ,none
Caroline Kepnes , US
Marie Lu , China
Mandy Stadtmiller , California
Chuck Palahniuk , U.S.
Sophie Kinsella , England
Harper Lee, U.S.
J.K. Rowling, England
Erich Fromm, German Empire
Lili Anolik ,none
Brian Courtney ,none
Stephen King , U.S.
Francesca Zappia ,none
Daniel Kelly ,none
Lali A. Love ,none
Amy Harmon ,none
Jodi Picoult , U.S.
Mariam Petrosyan,Մարիամ Պետրոսյան
Mimi Jean Pamfiloff ,none
Bryn Greenwood ,none
Victoria Schwab , 1987 (age 35)California
Kate Quinn , United States
Richelle Mead , United States
Anne Frasier , United States
Shanna Ehrlich ,none
Carol Wyer ,none
Gleb Tsipursky ,none
Paula Hawkins ,none
Tamara Ireland Stone ,none
Yaa Gyasi, Ghana
Stephen Westaby,none
Viet Thanh Nguyen , South Vietnam
Tanya Thompson,none
Jennifer Niven , Screenwriter
Sally Rooney , Ireland
Neal Shusterman , New York City
Erika Johansen ,Erika Johansen
Hector Malot, France
Sabaa Tahir ,Novelist
Paul Auster, U.S.
Don Phelan ,none
Shannon Messenger ,Author
Kimberly Brubaker Bradley , U.S.
Chuck Klosterman, U.S.
Teresa Driscoll ,none
Lori Gottlieb ,none
Lisa Gray ,none
Marlo Lanz ,none
Seanan McGuire , U.S.
Jojo Moyes , England
Alwyn Hamilton , Canada
Adrienne Woods ,none
Yuval Noah Harari, Israel
Victoria Selman,none
Kiersten White ,Kiersten White1983 (age 38–39)Utah
Arwen Elys Dayton ,American
Dan Howell, England
Chris Colfer, U.S.
Naomi Alderman , England
Megan Abbott , U.S.
Melissa Albert ,none
Dot Hutchison,none
Kevin Kwan ,关凯文
Taran Matharu ,none
Lyn I. Kelly,none
Nina LaCour ,none
Lisa Williamson ,none
Neil deGrasse Tyson , U.S.
Kendare Blake , South Korea
Nikki Moyes ,none
Jasmine Warga ,none
Paul Harbridge ,none
Lisa Jewell , England
Kasie West ,none
Pawan Mishra ,none
Jeremy Forsyth ,none
Zoltan Andrejkovics ,none
Richard Powers, US
Gillian Flynn , U.S.
Sam B. Miller II ,none
Mary Burton ,none
Hans Rosling, Sweden
Elizabeth Gilbert , U.S.
Rolf Margenau ,none
Patrick Ness, US.
Barry Eisler , U.S.
Ruth Ware ,none
Kazuo Ishiguro, Japan
James Patterson , U.S.
Genevieve Cogman ,Author
Neil Gaiman , England
Neal Stephenson , U.S.
Leigh Bardugo , 1975 (age 47)Jerusalem
Sara Wolf ,none
Samantha Shannon , England[2]
Eoin Dempsey ,none
George R.R. Martin, U.S.
Vera Jane Cook ,none
Erin Lockwood ,none
P.I. Alltraine ,none
Diane Ackerman , 1948 (age 74)
Mary Ramsey ,Mary Jeanne Ramsey
Ki Longfellow , United States
Brent LeVasseur ,none
Colson Whitehead , U.S.
Torey L. Hayden,none
Erin Morgenstern , 1978 (age 44)[1]
Mitch Albom , U.S.
Jez Jones,none
David Grann, 1967 (age 55)
James Faro ,none
Matt Haig , England
Hiro Arikawa, Kochi Prefecture
Olivia Hawker,none
Margot Lee Shetterly , U.S.
Alice Oseman , England
Liu Cixin ,刘慈欣
Ron Millicent ,none
Karin Slaughter , United States
Cynthia Collins ,none
Ally Carter , U.S.
Courtney Summers , Ontario
George Saunders, U.S.
Estelle Maskame ,none
Robin Gregory , England
M.L. Rio ,none
Lin-Manuel Miranda, U.S.
Cynthia Hand ,none
Gary Santorella,none
Felix Alexander ,none
Oyinkan Braithwaite , Nigeria
Rick Yancey, U.S.
Margaret Rogerson ,none
Erin Watt ,none
Victoria Scott , U.S.
Morgan Rhodes ,Morgan Rhodes
Scott Hawkins ,Scott Hawkins
Sogyal Rinpoche,Rinpoche
Tahereh Mafi, United States
Nicholas Sparks , United States
Tom DeLonge , U.S.
Eric M. Black ,none
Tiffany McDaniel ,none
Christopher Keene , U.S.
Daniel M. Harrison,none
Rupi Kaur , India
Joseph Fink,none
Julie Murphy ,none
Victoria Helen Stone ,none
David Sheff , U.S.
Connor Franta, U.S.
Ryan Graudin ,none
Kelly Barnhill ,none
Vivian Barz ,none
James Riley ,none
A.J. Mouse ,none
Gregg Olsen , U.S.
Gayle Forman , U.S.
Bridget Hodder ,none
Amber Smith ,5 ft 10.5 in (179 cm)[1]
Samantha Ryan Chandler ,none
R.F. Kuang ,匡靈秀
Sally Green ,Sally Green
Robyn Schneider ,none
Amanda Lovelace,1991
Anna Todd , U.S.
Chloe Benjamin , California
Philip Pullman, England
Tia Shurina ,none
Ashley Herring Blake ,English
Phil Knight, U.S.
Veronica Roth , U.S.
Robert G. Williscroft ,none
John Grisham , U.S.
Brittainy C. Cherry ,none
Jenny Lawson , blogger
Mary E. Pearson , 1955 (age 67)Southern California
Robert Galbraith,none
David Lagercrantz, Sweden
A.G. Howard ,none
Elizabeth Strout, U.S.
Tayari Jones , U.S.
Winston Graham, England
Graeme Simsion , New Zealand
Sarah Dessen , U.S.
Pernell Plath Meier ,none
Andrew Mayne ,none
Kimberly Lauren ,none
Georgia Hunter ,none
Matthew D. Dho ,none
Alexandra Christo ,none
Robert Thier,none
Nikki Sex ,none
Anna Gallegos ,none
Greer Hendricks ,none
Claire Morgan , Northern Ireland
Amit Ray, (1960-08-12) 12 August 1960 (age 62)India
Sylvain Neuvel , Quebec
Adrian Tchaikovsky , United Kingdom
Michael Connelly , U.S.
Hilary Davidson ,none
Kimber Lee ,Kimberly Ann Frankele[1][2]
Nnedi Okorafor , U.S.
Mark Lawrence ,none
Robin Benway ,  University of California at Los Angeles
Riley Sager ,Riley SagerAlan Finn
Ocean Vuong, Vietnam
Tommy Orange , U.S.
Cecelia Ahern, Ireland
Martha Hall Kelly ,none
Sejal Badani ,none
S.J. Kincaid ,none
Benjamin Alire Sáenz , USA
Brian Selznick, New Jersey
Brigid Kemmerer , U.S.[1]
Robert Bryndza ,none
Alexander Helas ,none
Lee Child , England
Rachel E. Carter ,none
J.R. Ward , United States
J.P. Delaney ,none
Julie Buxbaum ,1977 (age 44–45)[1]
Ali Benjamin,Alison WadeUnited States
L.J. Shen ,none
Autumn Jones Lake ,none
S. Jae-Jones ,none
Chimamanda Ngozi Adichie, Nigeria
Alexandra Bracken , U.S.
Kent Haruf, Colorado
Josie Silver ,none
GRWilson ,none
Jennifer L. Armentrout , West Virginia
Lucinda Riley , Northern Ireland
James Victor Jordan ,none
Ernest Cline , U.S.[1]
Imbolo Mbue , Cameroon
S.C. Stephens ,none
I James Forrest,none
Tui T. Sutherland, Venezuela
Cynthia D'Aprix Sweeney ,Cynthia D'Aprix Sweeney
Suzanne Collins, U.S.
Roxane Gay , U.S.
Louise Erdrich, U.S.
Ken Follett , Wales
Jean Craighead George, D.C.
Martha Wells , U.S.
S.M. Parker ,none
Michael Jensen ,none
Michael D. Durkota,none
Lene Fogelberg ,none
Tiffany FitzHenry ,none
Durgesh Satpathy ,none
Ali Marsman ,none
Jeremy Griffith ,1945 (age 76–77)
Lauren Kate , United States
Farah Cook ,none
Susan M. Boyer ,Author
Jerilee Kaye ,none
Kathleen Baldwin , US
Jamal Lewis ,Running back
Rusty Young ,none
Dennis E. Taylor ,Canada
Becky Chambers, 1985 (1985-05-03) (age 37)Los Angeles County
Rainbow Rowell , United States
Jaye L. Knight ,none
Abbi Glines , Alabama[3][4][5]
Lauren Graham, U.S.
Michelle McNamara, U.S.
C.S. Johnson ,none
Kathleen Glasgow ,none
Mohsin Hamid, Pakistan
Christina Lauren ,Authors
Don Winslow , U.S.
Nathan Hill,none
Barbara Davis , 1929New York City
James Clear ,none
Pittacus Lore,Pittacus Lore (James Frey and Jobie Hughes)
Sarah Pinborough , England
Zadie Smith, England
S.A. Chakraborty ,none
Carrie Hope Fletcher, England
Seth Dickinson ,United States
Nina George , West Germany
Jessica Townsend , Australia
C.L. Hunter ,none
Lisa Maxwell ,none
John Carreyrou,French-American
Cherlina Works ,none
Chevy Stevens ,none
Erin A. Craig ,none
Elizabeth Acevedo , NY
James Dashner , United States
Katharine McGee ,none
Claire McGowan,none
Anne Bishop,Writer
Elsa Blomster,none
Ashley Poston ,none
Zoje Stage ,none
J.D. Barker ,none
Jenn Bennett , Germany
Jen Wang , U.S.
Curtis Sittenfeld , U.S.
Ray Dalio , U.S.
Elly Blake ,none
Sarina Bowen ,none
Karl Wiggins ,none
Kerry Lonsdale ,none
Cathy Octo ,none
John Boyne, Ireland
Gary B. Shelly,none
Emery Lord ,none
Steve Silberman,United States
Jennifer Mathieu ,none
Christopher Greyson ,none
Helen Hoang , U.S.
Maddie Dawson ,none
Andrew Sean Greer, U.S.
Sara Barnard ,none
Ottessa Moshfegh, U.S.
David Arnold , England
I.T. Lucas ,none
Abraham Lopez ,none
Katrin Schumann ,none
Dean Koontz , U.S.
Elin Hilderbrand ,none
Louise Gornall ,none
Matthew Farrell ,none
J.D. Tyler ,none
Hillary Rodham Clinton,Barack Obama
Laura Sebastian ,none
Fiona Barton ,none
Noah Hawley , U.S.[1]
Danielle Paige ,none
Connie Glynn, England
Amy Tintera ,none
Robin Roe ,none
Amber Lee,none
Jesmyn Ward , U.S.
Ken Liu , China
Jeaniene Frost , 1974 (age 48)[1]United States
Beth O'Leary ,none
Mel Ryle ,none
Stephenie Meyer, U.S.
Melanie Dickerson ,none
T.M. Frazier ,none
Claire Monette ,none
Matthew Desmond ,1979 or 1980 (age 42–43)[1]
Erik Larson ,none
Michelle Falkoff ,none
Meredith Russo ,Author
Tarryn Fisher , South Africa
Kate Atkinson,none
Julie Kagawa , United States
Renée Knight,none
Hank Green , U.S.
Douglas E. Richards ,none
Kate Summerscale, England
Elena Ferrante,Novelist
Orson Scott Card, U.S.
Sean Gordon Murphy , New Hampshire
Hyeonseo Lee , North Korea
Aly Martinez ,none
Jonathan Macpherson ,none
H.L. Roberts ,none
Cliff Lerner ,Clifford Lerner
Simon W. Clark ,none
Lisa Terry ,none
Eliezer Yudkowsky , U.S.
Elle Kennedy ,Novelist
Charlie J. Eskew ,none
Mark Edwards ,none
Grace Draven ,none
Amish Tripathi , India[1]
Zaman Ali ,none
Nicholas Eames ,Nicholas Eames
Claire Legrand , United States
K.J. Kruk ,none
Ali Shaw ,none
Elise Kova ,none
Sarah Rees Brennan ,c.1980Ireland
Heather O'Neill , Quebec
I.V. Olokita ,none
Krista Ritchie ,none
Beth Aldrich ,none
Alex Bell,"
Alexander Bell"
Alix E. Harrow , United States
Meg Waite Clayton , D.C. United States
Renée Paule ,none
Dmitry Glukhovsky ,Дмитрий Алексеевич Глуховский
Roshani Chokshi , United States
Kathleen Rooney , West Virginia
Natasha Pulley, 1988 (age 34)
Robin Hobb , US
Chanel Miller, U.S.
Brittany Cavallaro ,none
Robert Kolker , US
Gena Showalter ,1975 (age 46–47)Oklahoma
Scott Westerfeld , United States
Susin Nielsen ,none
Jenna Evans Welch ,none
Rebecca Ross ,none
Raina Telgemeier , California
Stacey Lee ,English
Sara Raasch , 1989 (age 33)Ohio
Evelyn Skye ,none
Michael Rickard ,none
Jackson Lanzing,none
Pam Muñoz Ryan, US
Lynette Noni ,none
Nic Stone , Georgia
Jex Lane ,none
RoAnna Sylver ,none
M.H. Boroson,none
Michael Dante DiMartino , U.S.
David Baldacci , U.S.
Julian Barnes, England
Tim Tigner ,none
Anna-Marie McLemore ,English
Christine Zolendz ,none
Nora Roberts , U.S.
Han Kang, South Korea
Loreth Anne White ,none
Maria Dahvana Headley , U.S.
Heather Demetrios ,none
Carmen Maria Machado , U.S.
Kohei Horikoshi, Japan
John Gardner,none
Addison D'marko ,none
Joe Hill ,none
Emily Bleeker ,none
Renee Carlino ,none
Joey Graceffa, U.S.
Morgan Matson , U.S.
V.E. Schwab , 1987 (age 35)California
Liv Constantine ,none
Ilona Andrews ,Andrew Beauregard GordonIlona Gordon
Inio Asano, Japan
Sherrilyn Kenyon , US
Lang Leav , Thailand
Laura Thalassa ,none
Bill Browder , U.S.
Helen C. Escott ,none
T.J. Klune ,none
Miriam Sawan ,none
Penelope Douglas ,none
Katherine Applegate, U.S.
A.G. Riddle ,none
Stephen Fry, England
Robert W. Doubek,none
Melissa Bashardoust ,none
Bill Brown ,none
Teri Terry ,none
Clare Mackintosh ,Bristol
Angie Thomas , U.S.
Alex Flinn , United States
Catherine Steadman, (1987-02-08) 8 February 1987 (age 35)England
Wendy Holden ,none
James S.A. Corey ,2011–present
Jodi Meadows ,none
Tommy Wallach ,none
Isabel Allende ," Peru[1]: 1942 
"
Anthony Ray Hinton, U.S.
Zen Cho ,Author
Irvine Welsh, Scotland
Yeonmi Park, North Korea
Lynn Weingarten ,none
April Genevieve Tucholke,Writer
R.J. Palacio, 1963 (age 59)
Terry Pratchett, England
Maureen Johnson , United States
Madeleine Thien, Canada
Ali Smith, Scotland
Meg Kassel ,none
Sarah Andersen ,Maryland Institute College of Art
Brian K. Vaughan , U.S.
Shel Silverstein, U.S.
Jennifer Donnelly , U.S.
Catherine Forsayeth,none
William L. Myers Jr. ,none
Iain M. Rodgers ,none
Kamel Daoud,none
Michael J. Sullivan ,none
Nalini Singh , 1945 (age 77)Jalandhar
M.J. Arlidge,none
Melissa Tagg ,none
Angelica Banks ,none
Anne Tyler , United States
Roseanna M. White ,none
Christina Henry ,none
James Comey,Barack ObamaDonald Trump
Angela Marsons ,none
Jessica Khoury ,none
Janet E. Morris , 1946 (1946-05-25) (age 76)
Laura Ruby,none
Lily Collins, England
Shane Dawson, U.S.
J.D. Vance,Rob Portman
Andy Weir , U.S.[1]
Frans de Waal, Netherlands
Meredith Wild ,none
Helena Hunting ,none
Jenn Bishop ,none
Bill Konigsberg , 1970 (1970-11-11) (age 52)New York City
Michael Buckley,none
Jessi Kir,none
Barbara O'Connor ,none
Synne Jakobsen ,none
Alex Gino, New York
Sylvia Day , California
Jim Butcher , United States
Claudia Gray ,Amy Vincent
Kate O'Hearn, Canada[1]
Jeanne Birdsall, U.S.[1]
Melissa Grey ,none
Karen M. McManus , United States
John Marrs ,none
RuDixon,none
Heather Cocks ,none
Anna Kavan, France
E.C. Jackson ,none
Michele Breza ,none
John Calvin, France
Loren Molloy ,none
Cathy McLennan ,none
Kapil Kumar Bhaskar ,none
Ashish Jaiswal ,Ramtek
Amy Koto ,none
Laurick Ingram ,none
Robert Jenkins ,none
Beth Koritz ,none
Wole Akosile ,none
Melanie Martins ,none
Heather Marsh , programmer
Sita Bennett ,none
Chris Carter,none
Tillie Walden,1996 (age 25–26)
Ashley Stoyanoff ,none
Iain Reid , Canada[1]
Kate James ,none
Vincent L. Scarsella ,none
Fletcher DeLancey ,none
Nina Willner , 1961 (age 61)
Giovanna Fletcher , England
Cindy Brandner ,none
Alain de Botton , Switzerland
Charlie Mackesy, United Kingdom
Kiley Reid, U.S.
Jennifer Lynn Barnes , Oklahoma
Sara Gruen , Canada
Matthew Syed, England
Jessica Brody ,Smith College
Lylah James ,none
Andrew Norriss,none
Kate Stewart , UK
Sara Bareilles, U.S.
Holly Bourne ,6 May
Vi Keeland ,English
E.O. Odiase ,none
J.T. LeRoy,none
Bernhard Hennen, Germany[1]
Brené Brown , U.S.
Chris-Jean Clarke ,none
Alice Hoffman , United States
Danielle Esplin ,none
Lauren James ,"
 (2001-09-29) 29 September 2001 (age 21)"
Kade Cook ,none
Cassandra Fear ,none
William Gibson, U.S.
Frances Hardinge, England
Ali Land,none
Nujeen Mustafa, Syria
Jennifer Anne Davis ,none
Jill Santopolo ,none
Marjorie M. Liu , U.S.
Ryan Holiday , U.S.
Lyndsay Faye ,Author
Malcolm Gladwell, UK
Lyssa Kay Adams ,none
J. Cafesin ,none
Walter Dean Myers, U.S.
Katy Evans , 1976 (age 46)
William MacAskill , Scotland
Beth Revis , US
Elena Favilli , Italy
Emiko Jean ,none
Viral Dalal ,none
Olga Tokarczuk, Poland
Mariko Tamaki, Canada
Jennifer A. Nielsen , 1971 (age 51)Northern Utah
Adib Khorram ,none
Victoria Lee , United States
Richard Bradford,none
Kaitlin Bevis ,none
Kresley Cole ,Novelist
Adam Steven Page ,none
Miranda July , U.S.
C.J. Redwine ,none
Will Wight , USA
Wendy Spinale ,none
Ann Leckie , Ohio[2]
Jennifer Latham ,none
Sharlyn G. Branson ,none
Dalai Lama XIV,22 February 1940 – present
Peter V. Brett , New York
C.G. Drews ,none
Max Porter,none
Walter Isaacson ,James K. Glassman
Shashi Tharoor,Anurag Thakur
Bernardine Evaristo, England
Haemin Sunim,Buddhist TeacherWriter
Helen Oyeyemi , Nigeria
Cath Crowley ,none
Lisa McMann , Michigan
Maylis de Kerangal, France
Alexei Maxim Russell , Manitoba
James Rollins , U.S.[1]
Lauren Blakely ,none
Alyssa B. Sheinmel ,none
Lilly Singh, Canada
Robert M. Sapolsky, U.S.
Sarah Beth Durst , U.S.
Jocko Willink , Jr.
Robert Beatty , Canada
Gita Trelease ,none
Rebecca Schaeffer , U.S.
Makoto Shinkai, Japan
Kiran Bhat ,none
Arabella Weir, U.S.
Keri Lake , U.S.
A.S. King , US
Leonard Seet ,none
Jason Reynolds, U.S.
Paul Tremblay , U.S.
Fatima Farheen Mirza , 1991 (age 31)California
Justina Ireland , United States of America
Natasha Ngan , Hertfordshire
Zora Neale Hurston, U.S.
Jamie McGuire ,"
Jamie Anthony McGuire[1]"
Karole Cozzo ,none
Greg Iles , West Germany
Devney Perry ,none
Elif Shafak ,Elif Şafak
Cara Alwill Leyba,none
Dean Atta ,none
Kurtis J. Wiebe ,Image Comics
J. Carson Rose ,none
J.Y. Yang ,1982 or 1983 (age 39–40)
Tricia Levenseller ,none
Simone St. James ,none
Bridget Collins ,none
Alex Light , Virginia
Scott Adams, U.S.
Lisa Genova , 1970 (age 52)
Katarina Bivald ,none
Gianni Perticaroli ,none
Sona Charaipotra , Master's in Dramatic Writing and South Asian Diaspora Studies
Salla Simukka, 1981 (age 41)Tampere
Lisa Lutz , US
Harlan Coben , U.S.
Michael Wolff,none
John Gwynne ,none
S.D. Smith ,none
Patricia Cornwell , U.S.
Sandie Jones ,Margaret Jones
Charles Patterson,none
Elliot Wake ,none
Jonathan Stroud , England
Shea Ernshaw ,none
Daniel Cole,none
Peter Brown,none
Holly Jackson , England
Kim Liggett ,none
Kami Garcia , 1972 (age 50)
Michael Grant ,none
Glennon Doyle , U.S.
Colleen Oakes ,none
Emmy Laybourne , New Jersey
Brent Weeks , USA
Emily Lloyd-Jones ,none
Anna Pitoniak ,none
Rosanne Parry ,none
Charlotte McConaghy ,none
Elena Dunkle,none
A.L. Jackson ,none
Keigo Higashino, Japan
Anna Burns, Northern Ireland
Chris Turnbull ,none
Gretchen McNeil ,"
Teen drama[1]
Thriller[2][3]
"
Lauren Groff , U.S.
Emily Henry ,none
Rachel Vincent ,West Indies
Jeff Garvin ,none
Young Kim ,Gil Cisneros
Felix O. Hartmann ,none
Cal Newport, 1982 (age 40)
David Levithan , United States
Cristin Terrill ,none
Rory Power ,none
Sarah Lyu ,none
Julia Durango,none
Erin Beaty ,none
Kelly Loy Gilbert ,none
Tracy Wolff,none
Sunil Khilnani,none
Rysa Walker , Florida
Jenn Marie Thorne ,none
Aimee Friedman , New York
Katerina Diamond ,none
Hawa L Crickmore,none
Sabrina Benaim, Canada
Fumio Sasaki,none
E.K. Blair ,none
Adrienne Maree Brown , US
Rachel Held Evans, U.S.
Matthew Quick , U.S.
Charles Cumming, Scotland
Lauren Child, England
Ashley Elston ,none
Layne Fargo ,none
T.R. Horne ,none
Patrick Gale,none
André Alexis, Trinidad and Tobago
Paolo Bacigalupi , Colorado
Sophie Jordan ,none
Peadar Ó Guilín ,Peadar Ó Guilín
Jennifer Egan , U.S.
Adam Gidwitz , CA
Virginia Boecker ,none
Chris Grabenstein , NY
Maggie Hall , Ireland
Affinity Konar ,none
Kamila Shamsie, Pakistan
Cara Delevingne, England
Laurie Forest ,none
Danielle L. Jensen ,Female
Mary Robinette Kowal , North Carolina
Maria V. Snyder , United States
Lisa M. Orban ,none
Marieke Nijkamp , the Netherlands[1]
Amanda Foody ,none
Violet LeVoit ,none
Justin A. Reynolds ,none
Jon Padgett ,none
Peter Wohlleben, West Germany
Harper Sloan ,none
Robert Harris ,none
Carian Cole ,none
Kristen Orlando ,none
John Corey Whaley, USA
Sue Lloyd-Roberts, England[1]
Lori Benton ,none
Megan Morrison ,none
Jazz Jennings, U.S.
Juliet Marillier , New Zealand
Margaret Atwood , Canada
Emily Giffin , Maryland
Hope Jahren , US
Jen Calonita ,none
J.J. McAvoy,none
Rosamund Hodge ,none
Peggy Kern,none
Eugene Vodolazkin, Soviet Union (now Ukraine)
M.R. Carey ,none
Stan Lee, U.S.
Laura Marshall,Laura Marshall
Charlie Fletcher ,1960 (age 61–62)United Kingdom
Kate Elliott ,none
Aliette de Bodard , US[1]
Lindsay Smith ,none
Leah Bobet ,none
Mercedes Lackey, United States
Robert Jackson Bennett , U.S.
Daniel Abraham,none
Django Wexler ,none
Victor Milán, U.S.
Kass Morgan , U.S.
Katherine Rundell, England
Amari Soul ,none
Phillip Hoose, Indiana
Matt Killeen,none
Aisha Saeed ,none
Sally Slater ,none
I.W. Gregorio ,none
Wendy Mass , US
Liz Braswell ,none
Tessa Elwood ,none
Elizabeth May ,Jonathan Pedneault
Sarah Addison Allen , North Carolina
Kate Moore ,none
Karen Cleveland ,none
Toshikazu Kawaguchi,none
Catherine Clark ,none
Matthew Cody ,none
Michael Farr,none
Cora Reilly ,none
Corinne Duyvis ,none
Kim Harrison ,1966 (age 55–56)[1]Midwest
Chloe Neill , 1975 (age 47)United States
Faith Hunter , Gary Hunter
Reki Kawahara, Japan
Lauren Oliver , U.S.
Cherie Priest , United States
Brit Bennett , California
Claire North, (1986-04-27) 27 April 1986 (age 36)United Kingdom
Joel N. Ross,none
Anne Rice, U.S.
Wayne Koestenbaum,none
Kelly Yang , BerkeleyHarvard Law School 
Ali Novak ,none
Reni Eddo-Lodge, England
Carrie Fisher, U.S.
Kylie Scott ,none
Bern Bolo ,none
Sara Pennypacker,none
Tom King ,none
Jonathan Auxier , British Columbia
Sarah Howden,none
Libba Bray , U.S.
Caitlin Doughty, U.S.
Paul C. Nelson,none
Jeff Zentner ,none
Tana French , United States
Allison Pataki , U.S.
Alanea Alder ,none
Sophie Anderson ,none
John Allison ,none
Krysten Ritter , U.S.
Wendy Higgins ,Novelist
Dawn Kurtagich ,British
Devon Hughes,Devon Hughes
Kate DiCamillo , U.S.
Grace Lin , New York
David Ebershoff , California
Samantha Young ,none
Maggie O'Farrell , Northern Ireland
E. Lockhart , New York[2]
Patricia Gibney,none
Felicia Day , U.S.
Khaled Hosseini ,خالد حسینی
Robert Kirkman, U.S.
Aurora Rose Reynolds ,none
Kabi Nagata, 1987
Melinda Salisbury,none
Chriselda Barretto ,none
Edgar Cantero , 1981 (age 41)Barcelona
Jessica Verdi ,none
Michael Punke,Barack Obama
Gill Paul ,none
Patricia Briggs, United States
Jen Turano ,none
Lynda Mullaly Hunt ,none
Karen Kingston ,none
R.C. Sproul, U.S.[1][2]
David Neilsen ,none
Johanna Lindsey, West Germany
Tillie Cole ,none
Sharon Cameron ,Sonny Gallant (interim)
Deanna Raybourn , 1968 (age 54)Fort Worth
William H. Armstrong,none
Erin Hunter,none
Tracy Rees,none
Kirstin Cronn-Mills,none
Christopher Scotton ,none
Gordon Korman, Canada
Gloria Steinem, U.S.
Esther Hautzig,none
Patrick Radden Keefe,1976 (1976)
Samuel Beckett, Ireland
Ilsa Madden-Mills ,none
Lisa Kleypas , United States
Alan Bradley ,none
Chuck Grossart ,none
Roan Parrish ,none
Avi,none
Richard Fifield ,none
Helena Newbury ,none
Irvin D. Yalom, D.C.
Jacqueline Wilson, England
Emma Chase ,none
Mhairi McFarlane ,none
Michael Bialys ,none
M,Latin script
Arnold Henry ,none
K. Bromberg ,none
Lora Leigh, US
Kelley Armstrong , Canada
Sally Hepworth ,1980 (age 41–42)
E.L. Ervin ,none
Sapan Saxena ,Motilal Nehru National Institute of Technology Allahabad
Steven Cross ,none
David Hartness ,none
Jared Brock ,none
Kelly St. Clare ,none
Alcatraz Dey ,none
Saira Viola ,none
Julie Morgan ,Mark Drakeford
Dannielle Wicks ,none
Miranda Sings,none
David Beaupre ,none
Jasmine Lee ,none
Carole Devine ,none
M.A. Phipps ,none
Nicholas Ponticello ,none
William Nicholson,none
Carole Matthews,none
Isabel Curtis ,none
Martine Bailey ,none
Kristen Simmons ,none
Alaric Longward ,none
J. Dylan Yates ,none
J.L. Drake ,none
Donald Jans ,none
L.V. George ,none
J.J. Sherwood ,none
Himanshu Arora ,none
Leah Rooper ,none
C.S. Oliver ,none
Maggie Georgiana Young ,none
Steve Jackson ,none
Torrie Robles ,none
Sylvain Reynard ,Sylvain Reynard
Philip Allen Green ,none
Emmanuel M. Arriaga ,none
Casi McLean ,none
Natalie Decker , U.S.
N.L. Shompole ,none
Michelle R. Eastman ,none
Angela C. Castillo ,none
John Plaski ,none
Louis Sachar , U.S.
Tara Sue Me ,none
Jennifer McKeithen ,none
Brittany Burgunder ,none
Zoe Mason King ,none
Patrick Winsor ,none
Noah Harris ,none
Vlad Zachary ,none
M.R. Vallone ,none
Frank Scozzari ,none
Natalya Orekhov ,none
Charlie Donlea ,none
Zoë S. Roy ,none
Vineet Aggarwal ,none
J. Ryan Stradal ,none
M.S. Parker ,none
Vasily Mahanenko ,none
E.J. Mellow ,none
Renita D'Silva ,none
Rene S. Perez II,none
Aleatha Romig ,none
Ahmed Masoud,"
Ahmed Masoud Abdel Wahab Mohamed"
César L. Baquerizo ,none
Laurelin Paige ,none
Lori Robinson , Texas
Holly Sparks ,none
Steven Camden ,none
Funky Chicken ,none
Shinry ,none
Gabriel Packard,none
Bob Howard ,none
Avery Aames ,none
Becky Wallace ,none
Kait Fennell,none
Susan Ee ,Susan Ee
Ted Dekker , Netherlands New Guinea
Britt Holewinski ,none
Ann Curtin ,none
Ram Sivasankaran ,none
Tyffani Clark Kemp ,none
Kiran Millwood Hargrave ,none
Meyer Levin,none
Petronela Ungureanu ,none
Leslie Wolfe ,1967 (age 54–55)United States
Guy de Maupassant, France
Shawn Johnson,America's Sweetheart[1]
Veronika Gasparyan ,none
Teresa Michaels ,none
Alexander Boldizar ,none
C.M. McCoy ,none
Jeff Minerd ,none
Alessandro Boccaletti ,none
Shawn Raymond Poalillo ,none
A.J.J. Bourque,none
Traci Chee ,California
Zhixiong Zhang,none
Rebecca McNutt ,none
Ross Welford, England
Gregg Dunnett ,none
S. Ferguson ,none
Ashley Capes ,none
Niall Breslin,Niall Breslin
Anna Jakobsson Lund ,none
Maggie Way ,none
Natalia Schellhaas ,none
Louise Blackwick ,none
Anne Garréta,none
Terry Madden ,none
Raymond L. Poole,none
Adam Aust ,none
Ryan Schow,none
Shaune Bordere ,none
Mie Hansson ,none
Lila Bowen , United States
Hana Hindráková ,none
Jennifer Jaynes,none
Joshua Lie,none
Gail Carriger , California
Avon Gale ,none
Joy Preble ,none
ToAden ,none
J.D. Estrada ,none
H.S. Crow ,none
Nicole Lyons ,none
Sara Ella ,none
Katie Hess ,none
Zoe Sugg, England
John Xeno ,none
Ronie Kendig ,none
Michael Eging ,none
Helen Harper ,none
Traci Hunter Abramson ,Arizona
Kermit Roosevelt III , U.S.
Rachna Khemchandani ,none
Charlamagne Tha God, U.S.
Ben Aaronovitch , England
A.M. Rose ,none
Marguerite Bennett ,1988Virginia
Lynda Renham ,none
Mamoona Arshad ,none
Atticus Poetry ,none
Victor Cornwall,none
Tarun Betala ,none
Christine Clayfield ,none
Tony Bartelme , United States
Anna Applegate ,none
Lee Winter ,none
Malorie Blackman , England
V. Guyer ,none
Jessica Pennington ,none
Javier Marías, Spain
Josh Malerman ,American
Melanie Finn ,none
Peter Wisan ,none
Tessa Fontaine ,none
C.B. Lee ,none
Ian C.P. Irvine ,none
Eden Summers ,none
Karen Fortunati ,none
Gina A. Jones ,none
Nathan Smith Jones ,none
James Vella-Bardon ,none
Sophie Hardcastle ,none
John R. Gregg ,Bryan Blanchard
Rachel Walkley ,none
Donald Stratton, U.S.
Roopa Pai, India
Kristin Coley ,none
Mishell Baker,1976
Dodie Clark, England
Spencer Hoshino ,none
Ken Bruen, Ireland
Baj Goodson ,none
Rachelle Delaney ,none
Robert New ,none
Alexis Marie Chute ,none
Jon Skovron ,none
Amy Liptrot ,none
Emma Hamm ,none
Peter Bognanni ,none
Kevin A. Kuhn ,none
Kristi Carlson ,none
Derek Milman , U.S.
S.J. Hartland ,none
Parth Detroja ,none
Gloria Chao ,none
Owen Mullen ,none
Tom Ellen,none
K.Hari Kumar ,none
Gavin Extence, Lincolnshire
Lucy Tempest ,none
Francis Shenstone ,none
Beth Duke ,none
Jared Rund ,none
Joanne Bischof ,none
Camilla Monk ,none
Suzanne Young ,none
Emma Nichols ,none
Micah Dean Hicks ,none
Faraaz Kazi ,none
Ella Summers ,none
Brant Hansen, Illinois
Chris Howard ,none
Bryon MacWilliams ,none
Norman Bacal ,none
Brian Evenson, U.S.
Honor Raconteur ,none
Bassey Ikpi , Nigeria
Joy McCullough ,none
Katrina Cope ,none
Marisa Noelle ,none
Vandana Singh-Lal,none
Amna Dhanani ,none
Oscar de Muriel,none
Angela Saini, U.K.
Evan Winter ,England
Cassidy K. O'Connor ,none
Jackie Wang, 2020)
Megan Allen ,none
Nicole Baart ,none
Douglas A. Martin ,none
David Walliams, England
Kat Kinney ,none
Astrid Scholte ,none
Trent Dalton, Australia
Nathaniel Connors ,none
Neil Patrick Harris, U.S.
Sofía Segovia ,none
Savannah Brown , Ohio
Christine Riccio ,none
Yōko Ogawa, Japan
Ling Ma , China
Sonya Renee Taylor,American
AbJimenez ,none
Charlie Adhara ,none
Tim DeRoche ,none
Rebecca F. Kenney ,none
Lucy Strange,none
Kieran Larwood ,none
Amanda Barratt ,none
Clare Pooley ,none
Lucia Berlin, U.S.
Ellie Terry ,none
Daniel Flynn,none
Clarissa Kae ,none
Tessa Bailey ,none
James Mustich ,none
Sam J. Miller , 1979 (age 43)[2]
Ciara Smyth ,none
Kit Frick ,none
Saeed Jones , U.S.
Richard Paul Evans, Utah
Samantha Towle ,none
James Ponti ,none
Courtney C. Stevens ,none
Hafsah Faizal , U.S.
Madeleine Roux , U.S.
John Lewis Gaddis, U.S.
Deb Caletti , California
Kathryn Moon ,none
Jenny Colgan, Scotland
Christopher Lloyd , U.S.
Candace Ganger ,none
Stuart Russell,none
T.L. Swan ,none
Stjepan Šejić, SFR Yugoslavia
Lucy Powrie ,none
Tiffany D. Jackson , New York
Jeff Kinney , U.S.
Janice Galloway, Scotland
Kathleen Tessaro , Pa.
Christine Feehan , U.S.
Celia Kyle ,none
Austin Aslan ,none
Jillian David ,none
K.R. Thompson,none
Dolyn Keys ,none
John J. Davis,none
Hope Ramsay ,none
Bradley Nickell,none
Pythia Peay ,none
Lori Roy ,none
Guy Lozier ,none
Erin Bow , USA
Bruce Lee Bond ,none
Lexy Timms,none
Kelly Moore , Maine
Dori Ann Dupré ,none
Liliya Akhmadeeva ,none
Elizabeth Brundage,none
Faith Erin Hicks ,British Columbia
Laurel McHargue ,none
Mel Bossa ,none
Shannen Crane Camp ,none
Lauren Layne,none
Chase Potter ,none
Jeffrey L. Kohanek ,none
Amanda Panitch ,none
Jeff Lemire, Canada
MarcyKate Connolly ,none
Amber Bird ,none
Valynne E. Maetani ,none
Lance Rubin ,none
Brynn Stein ,none
William R. Forstchen, New Jersey
Julie McElwain,none
Brandon Thomas DiSabatino ,none
Tanya Huff, Nova Scotia
Jess Ryder,none
Nathan Hale , British America
Annette Marie ,none
Emily Skrutskie ,none
Elizabeth St. Michel ,none
Monica Murphy ,none
Jenni Ogden ,Jennifer Ann Ogden
Hazel B. West ,none
Arnold Ytreeide,none
Kate Bolick,none
S.F. Mazhar ,none
Peter F. Hamilton , England
Steven P Sharp,none
Ramcy Diek ,none
Christina Lynch ,none
Sarah Dunant, England
Mary Kay Andrews,none
Eric Metaxas , U.S.
Henrik Ibsen, Norway
Jodi Ellen Malpas ,none
J. Moon ,none
Jennifer LeBlanc ,none
Wendy M. Wilson ,none
Mary H.K. Choi, South Korea
Anna Snoekstra ,none
Maggie Fenton ,none
David Anderson ,none
Caroline Webb , United Kingdom
Ethan Arkwright ,none
Gareth L. Powell ,Gareth L. Powell
Susan Wingate ,none
Heleen Kist ,none
Gabriel Tallent ,none
Peter Swanson , Massachusetts
Bus-Stop Guides ,none
Preston Norton ,none
Annabel Pitcher,none
Sarah Matthias ,none
Wendy Brant ,none
Nicky Drayden ,none
Jhumpa Lahiri, England
Boris Sanders ,none
Limmy, Scotland
David E. Hoffman ,none
Dan Flores, United States
Dana Mele ,none
Melinda Gates , U.S.
Rachel Hauck ,none
Michael Pollan , U.S.
Lisa Brennan-Jobs , U.S.
Mary Beth Keane , New York
Isuna Hasekura, Japan
Crystal Smith ,none
Meagan Spooner ,Author
Monica Hesse , novelist
Ian Morgan Cron ,none
Tony Reinke ,none
Dani Shapiro , United States
Shaun Bythell,none
Gabrielle S. Prendergast ,none
Lara Prior-Palmer,none
Caroline Criado Perez,Caroline Emma Criado Perez1984 (age 37–38)Brazil
Lisa Jenn Bigelow ,none
April Henry , United States
Julie James ,Mark Drakeford
Ronan Farrow, U.S.
Ann Braden ,none
Eugene Rogan, California
Brent Schlender ,none
NisiOisiN,1981 (age 40–41)Japan
Jo Empson,none
Michelle Miller, U.S.
Tim Marshall,none
E.K. Johnston , Canada[1]
Sarah Morgan ,none
Aka Akasaka, Japan
Rahna Reiko Rizzuto ,none
Elizabeth Hunter ,Clarissa House
Myriam Gurba ,Artist and writer
You-Jeong Jeong, 1966 (age 56)
Cecilia Galante, New York
Tom Leveen ,none
Dan Crenshaw,Ted Poe
Anna Mocikat ,none
Caleb Krisp,none
Margaret Dilloway ,http://www.margaretdilloway.com
Sarah Tolcser ,none
Emma Doherty ,none
Audrey Greathouse ,none
John Patrick Kennedy ,none
Ernesto Cisneros ,"
Ernesto Cisneros Salcedo"
John David Anderson , U.S.
Robin Stevens , England
Nilakshi Garg ,none
Gareth Ryder-Hanrahan ,Irish
Abi Elphinstone ,none
Lucy Score ,none
Núria Añó, Spain
Natasha Preston ,none
Kekla Magoon , U.S.
Emma Donoghue , Ireland
Joan Livingston ,none
Wendy Heard ,none
K.M. Shea ,none
Vladimir Nabokov,Владимир Набоков
Paul Pen ,none
Lesley Pearse, 1945 (age 77)U.K.
Fanny Lee Savage ,none
Julia Harlow ,none
Brian McGoldrick ,none
John Ferak ,none
Damian Wampler,none
Sarah Robinson ,none
Bella Andre ,Novelist
Kanata Konami, (1958-07-03) 3 July 1958 (age 64)Nagano Prefecture
Corinne Michaels ,none
Wajdy Mustafa ,none
Annie Jacobsen , U.S.
Debbie Howells ,none
Colleen Chen ,none
Ambriehl Khalil ,none
Mo Yan,莫言
Milan Kundera, Czechoslovakia(present-day Czech Republic)
Vernor Vinge, US
T.D. Jakes, U.S.
Trista Mateer ,none
Gavin Aung Than,none
Jeff Menapace ,none
Nicole Zoltack ,none
Sławomir Mrożek, Poland
Will Walton,none
Chen Guangcheng, China
Gustav Meyrink, Austria-Hungary (now Austria)
Sean Carroll ,none
David Tallerman ,none
Caroline Roberts ,none
J.L. Rose,none
Paul Griffin ,none
A.S. Patric ,none
Lola Hale,none
Susan Barker ,1978
Alison G. Bailey ,none
Suzanne Wright , USA
Austin Chant ,none
Jeff Wheeler ,none
Ben H. Winters , U.S.
Louise Penny , Canada
Geoff Rodkey , USA
Gregory V. Diehl ,none
Heidi Cullinan ,none
K.M. Pohlkamp ,none
Scott Thomas,none
Sierra Hill ,none
Carl Safina , U.S.
Lisa Gardner ,1972
Penny Young Nance,none
Rin Chupeco , Philippines
Naoshi Arakawa,Japanese
Courtney Alameda ,none
Pepper Winters ,none
Sophie Schiller ,none
Akiko Higashimura, Japan
Rhett McLaughlin , U.S.
Julie Israel ,none
RuRyan,none
Gwendolyn Clare ,none
Stephen Aryan ,none
Emily P. Freeman ,none
Luke Pearson , England
Jean Kwok ,Hong Kong
Dan Gemeinhart ,none
Amelia Faulkner ,none
Lori Lansens , Ontario
Clinchandhill ,none
Heather Kaczynski ,none
Gary J. Byrne,Gary J. Byrne with Grant M. Schmidt
Jennifer Lynn Alvarez ,none
Christopher Klein ,none
Natsume Akatsuki, Japan
Brianna Wiest ,none
Holly Jacobs ,none
Sheryl Scarborough ,none
Sue Klebold, U.S.
Daniela Petrova ,none
Kiese Laymon , Mississippi
Leah Thomas ,none
Pat Barker, England
Jared Reck ,none
Aleron Kong ,none
Marie Graßhoff ,none
Martin Ford,none
Laurel Anne Hill ,none
Kelsey Miller ,none
Bob Goff, 1959 (age 63)California
Robert Iger, U.S.
Kory Stamper ,Smith College
Iona Grey ,none
Jayant Kaikini, (1954-01-24) 24 January 1954 (age 68)[citation needed]Gokarna
Rebekah Crane ,none
Fox Benwell ,none
Steve Orlando ,American
Romina Russell ,none
Vicky Beeching, England[1]
Jason Anspach ,none
Negi Haruba, 1991 (age 31)Japan
Chris Riddell , South Africa
Samuel Miller,none
M.T. Edvardsson ,none
Jessica Simpson, USA
Gregg Andrew Hurwitz ,none
Aaron-Michael Hall ,none
W. Bruce Cameron , 1956 (age 66)
Peter Raymundo,none
Anthony Bidulka , Canada
Jia Tolentino , Canada
A.J. Hackwith ,none
Nio Nakatani, Japan
K. Sterling ,none
Katie Henry , United States
Robin DiAngelo, 1956 (age 66)
Rebecca Roanhorse , Arkansas[2]
Tucker Carlson , U.S.
F.C. Yee ,none
Tess Sharpe ,none
Maurene Goo , U.S.
William Meikle ,none
Jessica Ruddick ,none
Rivers Solomon , U.S.
K.C. Kean ,none
Alex Hirsch, U.S.
Matilda Woods ,none
Kimberly Jones,https://www.kimjoneswrites.com/ 
Steve Moore ,none
David Baddiel,David Lionel Baddiel
C.M. Owens ,none
Charlie Higson, England
Joe Abercrombie, England
Neil Turok, South Africa
Kelly Creagh ,none
Sarah Mlynowski , Quebec
Emma Hooper ,none
Dahlia Adler ,New York City
John Temple ,none
David O'Sullivan ,none
A.J. Waines ,none
Jack L. Pyke ,none
Katie Alender ,none
Lemony Snicket ,The Bad Beginning
Jonathan Lee ,none
Brenda Ashworth Barry,none
Renee Ericson ,none
John Burnside,none
Theron Q. Dumont, Maryland
Kim Gordon, U.S.
Cambria Hebert ,none
Jeff Lemire , Canada
Prabhu Dayal ,none
Jessica Clare ,none
Louisa May Alcott, U.S.
Victoria Laurie ,none
Heather Burch ,none
Sarah Schulman, United States
Mark Montgomery ,none
Emilio D'Alessandro,none
Jay McLean , United States
Kayla Cagan ,none
Stephanie Oakes ,none
Chris Bohjalian , New York
Abigail Roux ,none
Karen Gregory ,none
Edward Fallon,none
Ernest Gordon Taulbee ,none
Mike Maden , U.S.
Casey Watson,none
Heather Young ,none
Maude Julien,none
Eowyn Ivey ,1973 (age 48–49)[1]
Debbie Macomber , United States
Roz Nay ,Canadian
Martha Brockenbrough , Washington
Sarah Weeks, US
Ezekiel Boone ,none
Harper Lin ,none
Maggie Smith , England
T.M. Logan ,none
Lisa McInerney,Lisa McInerney15 August 1981Ireland
C.V. Wyk ,none
Iain Pears,none
Anna-Marie Crowhurst,none
Stephanie Danler ,1983 (age 38–39)
Jill Shalvis ,United States
Emily X.R. Pan ,Illinois
Laurent Gounelle,none
Scarlet Beriko,none
Adrienne Young , United States
Yoav Blum ,none
Katherine Woodfine ,none
Laura Martin , Colombia
Ruth Hogan ,none
Joan He ,none
Jennifer E. Smith ,none
Annie Proulx, U.S.
Anne Zoelle ,none
Kate Mulgrew, U.S.
Jennifer A. Doudna, U.S.
Corban Addison ,none
Rana Awdish , United States
L.E. Parker ,none
Emily A. Duncan ,none
Erin Nations,none
Steve Cavanagh ,none
Louise Simonson, United States
Sandhya Menon ,India
Arundhati Roy , India
Tom Michell ,none
Michelle Willingham ,none
Jon McGregor,Jon McGregor1976 (age 45–46)Bermuda[1]
Nicolette Polek ,none
Julian Fellowes, Kingdom of Egypt
Tim Seeley ,American
William H. McRaven ,Francisco G. Cigarroa
Jory John,none
Diane Chamberlain ,United States
Tyehimba Jess, USA
Megan Miranda ,none
Jonathan Yanez ,none
Svetlana Chmakova , Soviet Union
David Yoon ,none
Cherie Dimaline, (1975-07-02) 2 July 1975 (age 47)
Chigozie Obioma , Nigeria
Mary Oliver, U.S.
Gary Green ,none
Jonathan Latt ,none
Nathan W. Pyle,none
Elizabeth Klehfoth ,none
Patrick deWitt, British Columbia
E. Michael Jones,none
Nicole Krauss, United States
Kate Elizabeth Russell,none
M.C. Ross,none
Hiromi Takashima,none
Martin Cruz Smith, United States
Tarjei Vesaas, Norway
Francesco Marciuliano,August 1967 (age 55)[1]
Alex North ,Isadore Soifer
K.A. Tucker ,none
Lani Lynn Vale ,none
Timothy Zahn , U.S.
Dani Hoots ,none
Kara Swanson ,none
Christie Golden, USA
Karen Schaler ,none
Big Hit Entertainment,빅히트 뮤직
Brandon Taylor,none
Sandra Brown , U.S.
Susanna Clarke, England
Orna Donath, Israel
Charlie Tyler ,none
Clifford D. Simak, U.S.
Melissa Landers , 1973 (age 49)
Saiber ,none
Sandra Byrd ,none
Gonzalo Giner,none
Natasha Boyd ,none
Shari Arnold ,none
Nicole Maggi ,none
Kim Fielding ,none
Jennifer Ryan ,none
Michael Wood ,none
Alex Segura ,none
Jun Mochizuki, Japan
River Mitchell ,none
Ann Morgan ,none
Shelley Noble ,none
Kirsty Logan , (1984-03-13) 13 March 1984 (age 38)
Irma Joubert, 1947 (age 75)
Tamara Philip ,none
Leonard Mlodinow, Illinois
Jacqueline E. Smith ,none
Melissa Brayden ,none
Lara Deloza ,none
J. Daniels ,none
Johnnie Alexander ,none
Luke G. Williams,none
Claire Fuller , England
L. Frank Baum, U.S.
Megan Derr ,none
Patti Smith ,Patricia Lee Smith
Matt Taibbi, U.S.
Patrick Holland ,none
Ciana Stone ,none
Steven Lochran ,none
L.P. Maxa ,none
Amanda Bouchet ,none
Emily Ann Putzke ,none
Jackson Wright Shultz ,none
Lucy Diamond,none
Karen Marie Moning , United States
Dale Mayer ,none
Kim Stanley Robinson, U.S.
Eli Easton , U.S.
Hannah Hart, U.S.
Hanif Abdurraqib, U.S.
T. Greenwood ,none
Stephen Moles ,none
Tim Waggoner ,none
Cara Hunter ,John Dallat
Pete Souza,Barack Obama
Loretta Nyhan ,none
Douglas Preston , Massachusetts
Jordan Sonnenblick, Missouri
Phil Hogan ,Ursula von der Leyen
Pénélope Bagieu, (1982-01-22) 22 January 1982 (age 40)
MJ Beaufrand,none
Erika L. Sánchez,1983/1984 (age 38–39)
Jenny Frame ,none
Alice Feeney ,none
Rae Carson,none
Penny Reid ,none
Giles Milton, England
Brian Doyle,none
Xenia Melzer ,none
Alan Gratz, U.S.
Lara Prescott ,none
Alexander Masters,none
Kelly Oliver , 1958
Erica Bauermeister ,none
Carlos Busqued,none
Hiromi Kawakami, Japan
Garrard Conley ,1984/1985 (age 37–38)United States
Andrew Roberts,none
Sara Holland ,none
Peter Frankopan, (1971-03-22) 22 March 1971 (age 51)England
Linda Holmes ,Phyllis Petka
Miman, Iran
Chetan Bhagat, India
Julia Heaberlin ,none
Clemantine Wamariya , Rwanda
C.S. Lewis, Ireland
K. Webster ,none
Garth Ennis , UK
Kate Stayman-London ,none
Amy Reed ,none
Kacen Callender , U.S. Virgin Islands
Miya Kazuki,香月美夜
Marie Howalt ,none
David McCullough, U.S.
Sheila Heti, Canada
Sharon M. Draper , Ohio
Hadness Fontenot,none
Sue Monk Kidd , U.S.
Marcus J. Borg, US
Tracey Martin ,Jacinda Ardern
Rob Thurman ,United States
Kevin M. Sullivan,none
Louise O'Neill, Ireland
Laura Madeleine ,none
E.E. Doc Murdock ,none
A. Kirk ,none
K.L. Armstrong,none
Alyssa Palombo ,none
Tom Holt, (1961-09-13) 13 September 1961 (age 61)
A.M. Hargrove ,none
Lionel Davidson, England
Suzanne Rindell ,none
Brandon Stanton, Georgia
Tenaya Jayne ,none
Glennon Doyle Melton , U.S.
Gerry Duggan ,none
Jeff Shaara, New Jersey
Jen A. Durand ,none
Emma Mills, 1989 (age 33)
Rachel Morgan ,none
Gulwali Passarlay,none
Alexa Riley ,none
S.J. Himes ,none
Ichigo Takano,たかの　いちご
L. Duarte ,none
Andrea Speed ,none
Amy Schumer ,Amy Beth Schumer
David Vann ,none
Catherine Lanigan,none
Emily Ley,none
Peter Clines , 1969 (age 53)
Mark A. Cooper, 1800
L.E. Modesitt Jr. ,none
Erin Bowman , US
Keri Arthur , (1967-12-04) 4 December 1967 (age 55)
Penelope Ward ,none
Julie Hall ,none
Stephen Backhouse,none
Chris Voss , U.S.
Ta-Nehisi Coates , U.S.
Paulo Coelho , Brazil
Vera Nazarian ,none
Graham Swift, England
Marisha Pessl , 1977 (age 45)Michigan
M. Sweeney ,none
Michael Kun ,none
Tariq Ramadan, Switzerland
Robin Sloan ,United States
Elana K. Arnold ,none
Jordan Ellenberg, U.S.
Connilyn Cossette ,none
Brian O'Hare ,none
James Wilde,none
Zaina Arafat ,Zaina Arafat
Elaine Kahn , Illinois
Kwame Mbalia ,none
Natalie C. Parker ,none
Eric Lindstrom ,none
Oliver Sacks, England
Angie Kim ,none
Heather Lloyd ,none
Whitney G. ,none
Rebecca McRitchie ,none
Sarah Smith ,none
Samantha Christy ,none
Sean-Michael Argo ,none
Diane Duane , United States
Talia Hibbert ,1995/1996 (age 26–27)[1]
Tara Bennett ,none
John Coleman,none
Julian Darius ,none
Matt Myklusch ,none
D.L. McDermott ,none
David Duchovny, U.S.
Matt Johnson ,none
Laurann Dohner,none
Lori Ostlund ,  University of New Mexico
P.N. Elrod,Patricia Nead Elrod1954[1]
Peter Nichols,none
Gene Baur , U.S.
Andrew Keenan-Bolger, U.S.
Andie Mitchell,none
PewDiePie, Sweden
Amanda Prowse,none
Darcy Woods ,none
Joshua Khan ,none
Sam Argent,none
Scott Snyder , United States
Loree Lough ,none
Riley Hart ,none
Sarah Wilson ,none
Alexandra Potter ,none
Mary Beard,none
James Newman ,none
Ruth Emmie Lang ,none
Miguel Serrano, Chile
Andrea Molesini, Italy
Mira T. Lee ,none
Akira Himekawa,none
Lara Avery,none
Robert J. Crane,none
Geoff Johns , U.S.
Jim McDoniel ,none
Paul Dowswell,none
Cathy Malkasian,none
J.R.R. Tolkien, Orange Free State
M.A. Bennett,none
Ryan North , Canada
Meera Subramanian,none
Takatsu ,none
Karen Bao ,none
Sarah Maine ,none
L. James Rice ,none
Cathy Gohlke ,none
Audre Lorde, U.S.
Leslye Walton ,none
Georgia Dunn ,none
Scarlett Dawn ,none
François S. Clemmons,none
Joshua Whitehead,5 January 1989  (age 33)
Larry D. Thompson ,George W. Bush
Jaroslav Kalfar ,none
Mac Barnett, United States
Allayne L. Webster ,none
Jim Pascoe ,none
Michael Bond, England
Sonya Sones , Massachusetts
Harley A. Rotbart,none
Petra Durst-Benning,none
Christina Dodd , ?
Jason Matthews,none
Lilly Gayle ,none
Sawyer Bennett ,none
Carole Cummings ,none
Sky Shifter ,none
Katie Cotugno ,none
Alyxandra Harvey ,none
Harpie,Legendary creature
Violet's Vegan Comics,none
Ijeoma Umebinyuo ,none
Danielle Steel, U.S.
Samantha Hayes , South Africa
Rachel Renée Russell , 1959 (age 63)
Carey Corp ,none
Ben Lindbergh ,none
Jim Zub ,Comic book writer
Devon C. Ford ,none
Anthony Horowitz , England
Justin Cronin , United States
Gavin Hesketh,none
J.S. Scott ,none
Tessa Dare ,Tessa Dare
Jeff VanderMeer , U.S.
Logan Chance ,none
Claudie Arseneault ,none
Scott Cawthon, U.S.
Sarah Bakewell, England
Anita Valle ,none
Wayne Clark ,none
David Demchuk ,none
John L. Parker Jr.,Writer
Christopher Hastings ,none
Elizabeth Knox , New Zealand
Kerry Drewery ,none
Rachel Kadish , short story writer
Nikesh Shukla , England
William Kent Krueger , U.S.
Peter Newman ,none
Christopher Lentz ,none
Micol Ostow , 1976 (age 46)New York City
Lynn Casteel Harper,none
Nicki Pau Preto ,none
Jill Murphy, England
Jack Cheng ,none
Dorian Lynskey,none
Josephine Angelini , United States
Danielle Lori ,none
Saladin Ahmed , U.S.
Nova Weetman,none
Suzanne Redfearn ,none
Kathryn Springer ,none
GabRivera,none
Craig Davidson, Canada
Tilar J. Mazzeo,none
Rachel Lynn Solomon ,none
Aiden Thomas ,American
Brae Wyckoff ,none
Mary Behre ,none
C.E. Thornton ,none
Stephen Crane, U.S.
Richard Botelho ,none
Debbi Mack ,none
Siobhan Davis ,none
Emerald Fennell, England
Luz Calvo,none
R.L. Stine , U.S.
Ryan Gattis ,none
Julie Anne Long ,none
Jake Halpern,Buffalo 
Jeremy Scott , U.S.
A.H. Holt,none
Sigmund Freud, Austrian Empire
Christopher G. Nuttall ,none
Charlie N. Holmberg , U.S.
David Brooks,none
Henry H. Neff ,none
Riley Redgate ,Ríoghnach Robinson
Stephanie Morrill ,none
Eimear McBride,none
Jenna Bush Hager , U.S.
Sarah Prager ,none
L.H. Cosway ,none
Paulette Jiles ,none
Kara Thomas, 1990 (age 32)
Camille Pagán ,none
Kate Mascarenhas,none
Kate Riordan ,none
Louise Pentland, England
Kelly Rimmer ,none
Chelsea Bieker ,none
Fiona Alison Duncan ,none
Jennifer Brown,none
Scott Reintgen ,none
C.J. Omololu ,none
J.A. White ,none
Megan Goldin ,none
Misty Copeland, U.S.
Stylo Fantome ,none
Hena Khan ,none
Jasmine Guillory ,none
Robin Brande ,none
Lisa Shearin ,none
M.R. James, England
Rebecca Zanetti ,USA
Joseph Delaney , England
John Stephens,none
Shanora Williams ,none
William Ritter ,none
Moïra Fowley-Doyle,none
A.N. Willis ,none
Clarissa Wild ,none
Elvis Newman,none
Stephanie Kegan ,none
Sibéal Pounder,none
Keri Smith ,Canadian
Cinda Williams Chima , Ohio
Deborah Harkness , Pennsylvania
Jean McNeil,none
Erin Entrada Kelly , KS
Jon Butterworth ,Jonathan Mark Butterworth1967/1968 (age 54–55)[1]
Ivy Rose,none
Liz Moore,(1944-09-15)15 September 1944
Nicole Williams ,none
Stephanie Elliot ,none
Sarah Knight , British America
Jordan Castillo Price ,none
Jonathan Janz ,none
Jen L. Grey ,none
Jordan Bone,Point guard
Nancy Herkness ,none
Katherine Hayton,none
Anne Blankman ,none
Mary-Louise Parker, U.S.
Jillian Tamaki, Ontario
Rene Denfeld ,none
Jennifer Estep ,none
Karan Mahajan , Connecticut
Kel Kade ,none
Akala,none
Chelsea Handler, U.S.
Michelle de Kretser, Ceylon
Michael Muhammad Knight,none
Bill Hayes ,none
Zack Loran Clark,none
Kimberly Belle , (1968-02-20) 20 February 1968 (age 54)
R.J. Parker ,none
P.W. Catanese ,New York
Amy Alward ,none
Sam Humphries, U.S.
Kate McLaughlin ,none
Natasha Anders ,none
Steve Bein,none
Czesław Miłosz, Russian Empire
Bethany-Kris ,none
Ron Franscell , 1957[citation needed]
Jonathan Bernstein ,none
Sarah Brianne ,none
M.K. Eidem ,none
John Barylick,none
Laura Bates , England
Rafi Mittlefehldt ,none
Michael Hall,none
Betsy Schow ,none
Anne Elisabeth Stengl , Washington
Hester Young ,none
P. Dangelico ,none
Melissa de la Cruz , Philippines
Anna Lee Huber ,none
Rowan Coleman ,none
Victoria Fox,none
Allen Eskens ,none
Jessica Hawkins , British
Michael Greger , USA[3]
David M. Glantz, U.S.
Augusten Burroughs , U.S.
Eliza Granville,none
Dinesh D'Souza , India
Kathryn Hughes, (1959-01-01) 1 January 1959 (age 63)UK
Noé Álvarez ,none
Tracey Garvis Graves ,none
Maika Moulite ,none
William Finnegan,none
Lian Tanner , Australia
LibScott,none
Janella Angeles ,none
Craig Alanson , MA
Allison Rush,none
E.K. Weaver ,none
Katie Reus ,none
Allyson James ,none
Brittany Candau,none
Tara Oakes ,none
Eve Newton ,Euros Lyn
Joel L.A. Peterson ,none
Paige McKenzie ,none
Rayne Hall,299 (2011)[1]
Emily Nagoski ,Indiana University Bloomington[1]
Zyrobotics ,none
Alexis Pauline Gumbs ,1982
Isabelle Broom ,none
F.T. Lukens ,none
Mary Doria Russell , U.S.
J.L. Beck ,none
C.C. Hunter ,Writer
Taya Kyle, U.S.[1]
Steven Weinberg, U.S.
Brooke Blaine,none
Patricia Perry Donovan ,none
Kim Slater,none
Marc Levy , France
Kazu Kibuishi , Japan
Richard Roberts ,none
Matthew Reilly, Australia
Kate Eberlen,none
Krystal Sutherland ,none
Jorge Cham, Panama
Bella Forrest ,none
Inbali Iserles ,none
Kate Morton , South Australia
Emma Cline, California
Nicole Chung , U.S.
Scott Meyer ,none
Amanda Dykes ,none
Wendy Walker ,none
Juman Malouf,none
Romina Garber ,none
Jonathan Green ,none
Jay Crownover ,none
Cameron Bane,none
Elle Cosimano ,none
Leila Howland ,none
Kelly Sue DeConnick ,[1] U.S.
Jonas Karlsson, Sweden
Karen M. Gocsik,none
Aditi Khorana ,none
Natalie D. Richards ,none
Ramachandra Guha, India[1]
Mark Greaney , (1980-06-23) 23 June 1980 (age 42)
Kristi Ann Hunter ,none
Sherry Leclerc ,none
Terry Goodkind, U.S.
Joseph Lewis ,none
Peter J. Tomasi, 1967 (age 55)
Nicole Kornher-Stace ,none
Alexander McCall Smith , Southern Rhodesia (now Zimbabwe)
Kristen Callihan ,none
Sarah Winman, England
Louise Candlish ,none
Tola Rotimi Abraham,none
Elvia Wilk ,none
Marissa Burt ,none
Cambria Brockman ,none
Herman Parish, U. S.
Martin Shannon,none
Meghan March ,none
Karen Dionne , Ohio
Supriya Kelkar ,none
Tara Sivec ,none
Alice Clayton ,none
Melanie Hansen ,none
Linda Williams,none
D.H. Sidebottom ,none
Kevin Barry, Ireland
Terry Brooks , U.S.
Amy Plum , Oregon
Anna Zaires ,none
Mari Mancusi , Romance
Liz Johnson ,none
Audrey Coulthurst ,none
Nick Cutter ,Episode 4.1
Marianne Knightly ,none
Jason Schmidt,130–96
C.J. Tudor ,none
M. Malone ,none
C.J. Skuse,none
Hannah Rothschild,none
Mike Omer ,מיכאל עומר
Vikram Paralkar ,none
Lucy Ives,none
Brendan Wenzel,none
Hannah E. Harrison,none
Erin Hahn ,none
Orhan Pamuk, Turkey
James Islington ,c. 1981
Mur Lafferty , 1973 (age 49)
Kody Keplinger , Kentucky[1]
Chinua Achebe, British Nigeria
Eliot Schrefer , U.S.
Alice Montgomery,none
William Joyce , United States
R.L. Mathewson ,none
Dean Chalmers,none
Frank Wilczek, U.S.
Kate Douglas Wiggin, 1856Philadelphia
Jessica Sorensen ,none
Meg Elison , 1982 (age 40)
Meredith Moore,none
Margo Rabb ,none
Rebecca Sugar, U.S.
Kim Holden ,none
Lea Doué ,none
Peter James,none
Sheralyn Pratt ,none
Colin Gigl ,none
Martina McAtee ,none
Melissa Broder , 1979 (age 43)
Darcy Coates ,none
Camille Aubray ,none
Catherine Doyle ,none
Katie McGarry ,none
Ava Miles ,none
Ann Coulter, U.S.
Sarai Walker ,none
Courtney Maum , Connecticut
Richard Chiem ,none
Nicholas Gannon,none
Marsha Wilson Chall,none
Estelle Laure ,none
Brian McClellan , USA
Owen Jones, England
Tor Seidler, New Hampshire
Michelle Krys ,none
Michael Z. Williamson, England
Joe Sugg, England
C.L. Denault ,none
Talya Tate Boerner ,none
Liz Lawler ,none
Richard Fenton , Pembrokeshire
Michael O'Keefe , U.S.
Luvvie Ajayi Jones ,none
Christopher Coleman ,none
Jessica Shattuck ,Writer
Sy Montgomery, Germany
Eiichiro Oda, Japan
Samantha Ir,none
Simon James Green ,none
Jane Alison,none
Jane Yolen , U.S.
Eileen Spinelli,none
Megan McCafferty ,Megan Fitzmorris1973
Lia Louis ,none
Shion Miura,三浦 しをん
Kalayna Price ,Novelist
Carolyn Lee Adams ,none
Susan May Warren ,none
Molly E. Lee ,none
Christine McCullough,none
Jennifer Bosworth ,none
Yoshitoki Ōima, Japan
Seth Grahame-Smith, U.S.
Leah Rae Miller ,none
David Mitchell,none
Isham Cook ,none
Paul Ruditis,none
Heather Hansen ,none
Jamie Shaw ,none
Hollie Overton ,none
Gail Simone, U.S.
Deborah Shapiro ,none
Jude Deveraux, Kentucky United States
Kevin Henkes, USA
Kei Sazane,none
Margarita Montimore ,none
George MacDonald Fraser, England
William T. Vollmann, California
Tricia Mingerink ,none
Helen Hardt ,none
Kristen Heitzmann ,none
Megan Erickson ,none
Lindsey Kelk , England
Emma Scott ,none
Matt Digeronimo ,none
Isaac Marion , 1981 (age 40)
Drew Barrymore, U.S.
Brant A. Gardner ,none
R.A. Steffan ,none
María Gainza,none
S.M. Wilson ,none
Larry Witham ,none
Cathy Glass,none
Shelly Laurenston,none
P. Dotson,none
Melissa Burke ,Sitcom
Rosanna Pansino, U.S.
Farah Oomerbhoy ,none
Jeannine Colette ,none
J. Patrick Black ,none
Tony Hawks, England
John Doe,none
Oscar Wilde, Ireland
Maggie Thrash , Georgia
Elizabeth Rudnick,none
David A. Goodman, U.S.
Julianne Donaldson ,none
Makoto Yukimura, Japan
Pene Henson ,none
Susan Straight , U.S.
Mike Thaler, United States
Lisa Papp ,none
George O'Connor,none
Evangeline Denmark ,none
Bill Clegg ,none
Ceci Giltenan ,none
Marie Sexton ,none
Drew Daywalt,none
Elsa Holland ,none
Eden Robinson, Canada
Yoru Sumino,住野よる
Kevin Sands ,none
Christopher Rice , U.S.
Jo Knowles ,none
Chris L. Terry ,none
Sarah Glenn Marsh ,none
Jon Negroni ,none
Tom McCarthy,none
Michelle Howard , U.S.
Philip Kerr, Scotland
M.G. Bullen,none
Jennifer L. Holm , U.S.
R.E. Carr ,none
Donny Cates, United States
Adam Becker ,1984New Jersey
Andersen Prunty ,none
Dina Nayeri , Iran
Pat Frayne ,none
C.M. Stunich ,none
Karla Sorensen ,none
Scott Mariani ,none
Anna Smaill , New Zealand
Sarah Sundin ,none
Toni Morrison, U.S.
Natalie Eve Garrett ,none
Destiny Soria ,none
Melissa Caruso ,none
Duncan Hamilton,none
Chuck Wendig , U.S.
Parker S. Huntington ,none
Christina Baker Kline ,none
Edna Ferber, U.S.
Bobbie Ann Mason, Kentucky
Alex Archer , England
T.R. Richmond,none
Skyla Madi ,none
Helen Thurloe ,none
Paul A. Offit, U.S.[2]
Mira Grant, U.S.
Bill Nye, U.S.
Karen Rose , US
Claire Kann ,none
Leylah Attar ,none
Josephine Rowe ,none
Charlie Cochet ,none
Ann Valett ,none
Joelle Charbonneau,none
Esphyr Slobodkina, Russia
Jewel E. Ann ,none
Thalia Kalkipsakis ,none
Mylo Carbia ,none
Lisa Graff, 1981 (age 41)Canada
Shantelle Mary Hannu ,none
Cynthia Eden ,none
Doreen Virtue,none
Lisa Schroeder ,American
Greg Rucka, US
Catherine Banner , United Kingdom
Serena Valentino ,American
Ashley Antoinette ,none
W.S. Gilbert,none
Taylor Anderson ,Novelist
Kathryn Barker,none
Isabel Greenberg ,none
Ashlee Willis ,none
Magda Szubanski, England
Reese Witherspoon, U.S.
ONE,none
Elizabeth Lim ,none
Heather Christle ,none
Tracy Banghart ,none
Denis Markell ,none
Danny Winter,"
Daniel Thomas Winter[1]"
N.R. Walker,none
Helen Fitzgerald ,none
Joanna Rakoff ,none
Hayden Wand ,none
Stacy King ,none
Gemma Cairney, England
Susan Meissner ,none
Peter J. Tomasi , 1967 (age 55)
Katie O'Neill,none
Andrea Wulf, India
Paulina Flores,none
E.G. Patrick ,none
Piers Torday ,none
Onjali Q. Raúf,none
Nick Spalding ,1974 (age 47–48)United Kingdom
Erin Gough,none
Anna Lyndsey,none
Giselle Simlett ,none
Sarah Hepola,none
Aleš Kot ,none
Non Pratt,none
Daishu Ma,none
Molly Ostertag, 1991 (age 31)[1][2]
Beth Ferry,none
J.L. Weil ,none
Connie Willis, US
Kaylee Ryan ,none
K.N. Kukoyi ,none
Rudy Francisco, California
Alexandra Hawkins ,none
Fiona Mozley, England
Dave Rudden ,none
Karina Yan Glaser ,none
Philip Zaleski ,none
John F. MacArthur Jr.,none
Ian W. Toll ,1967 (age 54–55)
S.K. Tremayne ,none
A.C. Gaughen ,none
E.E. Holmes ,none
Perdita Cargill ,none
Leslie McAdam ,none
Willie Nelson, U.S.
Caseen Gaines ,none
Jokha Alharthi,1978 (age 43–44)Oman
Nizrana Farook,none
Nathan Lane, U.S.
Ursula Vernon, 1977 (age 45)Japan[1]
Dani Pettrey ,none
Hannah Tinti ,1973 (age 48–49)United States
Natasza Waters ,none
Brian Michael Bendis, U.S.
Jarrett J. Krosoczka , U.S.
J.D. Robb , U.S.
Steve Berry ,none
Laurie R. King , U.S.
Rebecca Stead, US
Robert Jordan, U.S.
Ed Brubaker, US
Megan Shepherd ,none
Karen Chance ,none
Benjamin Johncock ,none
Laurie Hernandez,Lauren Zoe Hernandez
T.S. Joyce ,none
Carrie Ann DiRisio ,none
Shanna Handel ,none
Gabrielle Goldsby,none
Scott Lobdell ,1960 (age 61–62)
Elizabeth Berg,none
Morgan L. Busse ,none
Neil Z. Miller,none
Rick Steves, U.S.
Lydia Michaels ,none
Beth Kephart ,none
Juliana Barbassa ,none
Christopher Barzak , Ohio
Kristen Pro,none
Catherynne M. Valente , U.S.
Chris ,/krɪs/
Rachel Hawkins ,Rachel Valerie Hawkins
Michelle Tea, United States
Scott Lobdell,1960 (age 61–62)
Dale Bredesen,none
Megan Green ,Joseph Vollmer (interim)Lewis Reed
Carlton Mellick III , United States
Ross Gay, U.S.
Jennifer Ackerman,writer
Nadia Hashimi , U.S.
Rebecca Maizel ,none
Douglas R. Casey,none
Jessi Gage ,none
Jonathan Franzen, U.S.
Karen Witemeyer ,none
Scott Sigler , U.S.
Mary Berry, England
L.M. Krier ,none
John Keene ,none
Erin Fletcher ,none
Allen Zadoff , U.S.
Nick Seluk ,Nick Seluk
Riad Sattouf, France
Lisa Patton ,none
Jennifer Bell,none
Emma Lord ,none
Penelope Sky,none
Julie Klassen ,Writer
Santino Hassell ,none
Amerie ,Amerie Mi Marie Rogers
Tom Bower,Thomas Michael Bower (1946-09-28) 28 September 1946 (age 76)England
Michael S. Heiser,none
Aziz Ansari,Aziz Ismail Ansari
Alex Bertie, United Kingdom
Cory Doctorow, Canada
Angelina J. Steffort ,none
Jill Mansell,none
Katie Oliver ,none
Bill O'Reilly ,none
Robert Fabbri,none
Jasinda Wilder ,none
Gregory Scott Katsoulis ,none
Jacob Tobia, U.S.
Misa Sugiura ,none
Keary Taylor ,none
Kindle Alexander ,none
Julianna Keyes ,none
Sarah Fine ,none
Brian Freeman ,none
Christina June ,none
Alison Goodman , Australia
Regina Jennings ,none
Mark Crilley, United States
Thi Bui, Vietnam
Kathryn Purdie ,none
Meik Wiking,none
Juli Alexander ,none
Tim Baker ,none
Adriana Locke ,none
Kirsty Moseley ,none
Dusti Bowling ,none
Joëlle Jones , Idaho
Anthony Marra , D.C.
Catana Chetwynd,American
J. Lynn,none
Adrienne Wilder ,none
Shannon Hale , U.S.
Susan Dennard , USA
Robert Macfarlane ,none
Maryrose Wood ,none
Candace Bushnell , U.S.
Peter Singer , Australia
S.J.D. Peterson ,none
S.T. Abby,none
Tianxia Bachang,none
Victoria J. Coe ,none
Kristin Rockaway ,none
Danielle Rollins,none
Andy McNab,Steven Billy Mitchell
Gregory Mone ,none
O.N. Stefan ,none
Stephen Moss,(1960-04-25)25 April 1960
Jeremy Lachlan,none
Joy Harjo , U.S.
Brenna Yovanoff ,none
Chris Kuzneski , Pennsylvania United States
Russell D. Moore,Phillip Bethancourt
Amelia Hutchins ,none
Lauren Nicolle Taylor ,none
Debbie Tung ,none
Carole EstDagg ,none
Jennifer Li Shotz,none
Anna Quindlen, United States
Nicole Castroman ,none
Bree Barton ,none
Paula Stokes ,none
Tricia Clasen ,none
Bren MacDibble , New Zealand.
Jody Carrington ,none
Meryl Wilsner ,none
Karen White , Oklahoma
Victoria Ashley ,none
Philip Gross, England
Maris Black ,none
Asahiro Kakashi ,none
Linda Fairstein , U.S.
Erin L. Schneider ,none
Jen Malone ,none
Sally J. Pla ,none
Maria Hall ,none
Anna Banks , US
Kristy Cunning,none
Anna Kendrick, U.S.
Vera Brosgol , Soviet Union
Sandy Johnson ,Marilyn Lange
Patricia Forde ,none
Ngozi Ukazu,American
Charles Stross , England
Alexandra Oliva ,none
G.B. Hope ,none
Cora Carmack ,none
Janette Rallison , Washington
Donny Cates , United States
Ben Clanton ,none
Mandi Beck ,none
Anna Lowenhaupt Tsing,Anna Lowenhaupt Tsing1952 (age 69–70)
Ken Harrison,none
Ben Hatke , U.S.
Kaela Noel ,none
Jennifer Weiner , Louisiana
Sara Saedi ,none
John H. Walton,1952
Mark Siegel , Michigan
Sharon Guskin ,none
Laurel Snyder , U.S.
Matthew Loux,none
Yoon Ha Lee, Texas
Alison Cherry ,none
Eve Langlais ,none
John A. Farrell ,Writer
Peter Robinson,none
Suzanne Nelson ,none
Sarah Porter , U.S.
Bonnie S. Calhoun ,none
J. Nathan ,none
Derek 'Del Boy' Trotter,none
KirLarson ,none
Mandy M. Roth ,none
Cory Leonardo ,none
Lynn Joseph ,Writerlawyer
Kelsey Sutton ,none
Brendan Kiely ,none
Paula Brackston , England
Meg Leder,none
pleasefindthis ,none
K.L. Grayson ,none
Dee Henderson ,none
Mariana Zapata ,none
Stacey Kade ,Author
G. Willow Wilson , United States
Sally Nicholls, United Kingdom
Kimberly McCreight ,Novelist
Stuart Swezey ,none
Lou Berney ,none
Joshilyn Jackson ,American
Ari Marmell ,Ari MarmellNew York
Richard Peck,none
Jacky Colliss Harvey ,none
Gerard Way, U.S.
Christina Thompson ,Switzerland
Laura J. Moss ,none
Alexander Weinstein, Russia
Charlie Jane Anders ,Connecticut. United States
Amy Ellis Nutt, 1955Staten Island New York
Robert J. Gordon, 1940 (age 82)
Lauren St. John , Zimbabwe)
Ajay K. Pandey , India
Thomas Locke ,John Thornton
Jessica Park ,"
Jessica Park"
David Rains Wallace,none
William Zinsser,none
Susan Green,none
Kate Saunders, (1960-05-04) 4 May 1960 (age 62)London
Giacomo Leopardi, Papal States
Tomi Lahren, U.S.
Louis de Bernières, England
Leisa Rayven ,none
Tracy Chevalier , U.S.
Chelsea Camaron ,none
Lisa See , France
Toni Aleo ,none
Lynda Cohen Loigman ,none
Jon Krakauer , U.S.
Andrea Bobotis ,none
Jess Epps ,none
Sophie Cleverly ,none
Ania Ahlborn , Poland
Mike Gunton,none
Katie Ruggle ,none
Matt McCarthy ,none
Kayla Rae Whitaker ,none
Aline Ohanesian ,none
Charlene Hartnady ,none
Jess Kidd ,none
Jodi Lynn Anderson ,American
Janet Lee Carey , US
Julia Quinn ,Julie Cotler1970 (age 51–52)United States
George Takei , U.S.
Alicia Montgomery ,none
Graham Moore ,none
Layla Hagen ,none
Jill Alexander Essbaum , United States
Amanda Milo ,none
Elle Marr ,none
Brian Staveley ,none
R.J. Ellory,none
Philip Reeve , England
Ed Yong,Edmund Soon-Weng Yong (1981-12-17) 17 December 1981 (age 41)Malaysia
Faleena Hopkins ,none
Sonja Yoerg ,none
Cammie McGovern ,none
Spencer Quinn ,none
Amitav Ghosh, India
Stuart MacBride, Scotland
Yukio Mishima, Empire of Japan[1]
Jennifer Ashley ,none
Karina Halle ,none
S.B. Alexander ,none
Jon H. Gutmacher ,none
Carole Satyamurti,none
Tim Burton, U.S.
Maria Popova , 1984 (age 38)Bulgaria[where?]
Yana Toboso, Japan
Sally Field, U.S.
Jessica Barry,none
Aidan Willows ,none
Tom Cox,none
Sharyn McCrumb , North Carolina
Erin Raegan ,none
Jeanne St. James ,none
Darynda Jones ,none
Barbara Nickless ,none
Misty Jae Ogert ,none
Charlotte Wood, Australia
